0 verbose cli C:\Program Files\nodejs\node.exe C:\Users\fsanchez.NIPPONCARSRL\AppData\Roaming\npm\node_modules\npm\bin\npm-cli.js
1 info using npm@10.2.3
2 info using node@v22.22.0
3 timing npm:load:whichnode Completed in 4ms
4 timing config:load:defaults Completed in 6ms
5 timing config:load:file:C:\Users\fsanchez.NIPPONCARSRL\AppData\Roaming\npm\node_modules\npm\npmrc Completed in 6ms
6 timing config:load:builtin Completed in 6ms
7 timing config:load:cli Completed in 3ms
8 timing config:load:env Completed in 1ms
9 timing config:load:file:C:\apps\instaPresi\react\.npmrc Completed in 0ms
10 timing config:load:project Completed in 4ms
11 timing config:load:file:C:\Users\fsanchez.NIPPONCARSRL\.npmrc Completed in 0ms
12 timing config:load:user Completed in 0ms
13 timing config:load:file:C:\Users\fsanchez.NIPPONCARSRL\AppData\Roaming\npm\etc\npmrc Completed in 1ms
14 timing config:load:global Completed in 1ms
15 timing config:load:setEnvs Completed in 1ms
16 timing config:load Completed in 24ms
17 timing npm:load:configload Completed in 24ms
18 timing config:load:flatten Completed in 4ms
19 timing npm:load:mkdirpcache Completed in 1ms
20 timing npm:load:mkdirplogs Completed in 0ms
21 verbose title npm install
22 verbose argv "install"
23 timing npm:load:setTitle Completed in 2ms
24 timing npm:load:display Completed in 1ms
25 verbose logfile logs-max:10 dir:C:\apps\instaPresi\react\npm-cache\_logs\2026-05-15T02_21_23_594Z-
26 verbose logfile C:\apps\instaPresi\react\npm-cache\_logs\2026-05-15T02_21_23_594Z-debug-0.log
27 timing npm:load:logFile Completed in 19ms
28 timing npm:load:timers Completed in 0ms
29 timing npm:load:configScope Completed in 0ms
30 timing npm:load Completed in 83ms
31 timing arborist:ctor Completed in 1ms
32 silly logfile done cleaning log files
33 timing idealTree:init Completed in 234ms
34 timing idealTree:userRequests Completed in 0ms
35 silly idealTree buildDeps
36 timing idealTree:#root Completed in 0ms
37 silly fetch manifest @emnapi/core@^1.7.1
38 http fetch GET 200 https://registry.npmjs.org/@emnapi%2fcore 483ms (cache miss)
39 silly fetch manifest @emnapi/runtime@^1.7.1
40 http fetch GET 200 https://registry.npmjs.org/npm 828ms (cache miss)
41 http fetch GET 200 https://registry.npmjs.org/@emnapi%2fruntime 971ms (cache miss)
42 silly placeDep ROOT @emnapi/core@1.10.0 OK for: @napi-rs/wasm-runtime@1.1.2 want: ^1.7.1
43 silly fetch manifest @emnapi/wasi-threads@1.2.1
44 silly placeDep ROOT @emnapi/runtime@1.10.0 OK for: @napi-rs/wasm-runtime@1.1.2 want: ^1.7.1
45 http fetch GET 200 https://registry.npmjs.org/@emnapi%2fwasi-threads 623ms (cache miss)
46 timing idealTree:node_modules/@napi-rs/wasm-runtime Completed in 2098ms
47 silly placeDep ROOT @emnapi/wasi-threads@1.2.1 REPLACE for: @emnapi/core@1.10.0 want: 1.2.1
48 timing idealTree:node_modules/@emnapi/core Completed in 8ms
49 timing idealTree:node_modules/@emnapi/runtime Completed in 0ms
50 timing idealTree:node_modules/@emnapi/wasi-threads Completed in 0ms
51 timing idealTree:buildDeps Completed in 2109ms
52 timing idealTree:fixDepFlags Completed in 7ms
53 timing idealTree Completed in 2360ms
54 timing reify:loadTrees Completed in 2362ms
55 timing reify:diffTrees Completed in 9ms
56 silly reify moves {}
57 timing reify:retireShallow Completed in 1ms
58 timing reify:createSparse Completed in 144ms
59 timing reify:loadBundles Completed in 0ms
60 silly audit bulk request {
60 silly audit   instaPresi: [ '6.0.1' ],
60 silly audit   '@adobe/css-tools': [ '4.4.4' ],
60 silly audit   '@asamuzakjp/css-color': [ '5.1.1' ],
60 silly audit   '@asamuzakjp/dom-selector': [ '7.0.4' ],
60 silly audit   '@asamuzakjp/nwsapi': [ '2.3.9' ],
60 silly audit   '@babel/code-frame': [ '7.29.0' ],
60 silly audit   '@babel/helper-string-parser': [ '7.27.1' ],
60 silly audit   '@babel/helper-validator-identifier': [ '7.28.5' ],
60 silly audit   '@babel/parser': [ '7.29.2' ],
60 silly audit   '@babel/runtime': [ '7.29.2' ],
60 silly audit   '@babel/types': [ '7.29.0' ],
60 silly audit   '@bramus/specificity': [ '2.4.2' ],
60 silly audit   '@csstools/color-helpers': [ '6.0.2' ],
60 silly audit   '@csstools/css-calc': [ '3.1.1' ],
60 silly audit   '@csstools/css-color-parser': [ '4.0.2' ],
60 silly audit   '@csstools/css-parser-algorithms': [ '4.0.0' ],
60 silly audit   '@csstools/css-syntax-patches-for-csstree': [ '1.1.2' ],
60 silly audit   '@csstools/css-tokenizer': [ '4.0.0' ],
60 silly audit   '@exodus/bytes': [ '1.15.0' ],
60 silly audit   '@jridgewell/sourcemap-codec': [ '1.5.5' ],
60 silly audit   '@microsoft/api-extractor': [ '7.57.8' ],
60 silly audit   '@microsoft/api-extractor-model': [ '7.33.5' ],
60 silly audit   'lru-cache': [ '6.0.0', '11.2.7' ],
60 silly audit   semver: [ '7.5.4' ],
60 silly audit   typescript: [ '5.8.2', '6.0.2' ],
60 silly audit   yallist: [ '4.0.0' ],
60 silly audit   '@microsoft/tsdoc': [ '0.16.0' ],
60 silly audit   '@microsoft/tsdoc-config': [ '0.18.1' ],
60 silly audit   '@napi-rs/wasm-runtime': [ '1.1.2' ],
60 silly audit   '@oxc-project/types': [ '0.122.0' ],
60 silly audit   '@rolldown/binding-android-arm64': [ '1.0.0-rc.12' ],
60 silly audit   '@rolldown/binding-darwin-arm64': [ '1.0.0-rc.12' ],
60 silly audit   '@rolldown/binding-darwin-x64': [ '1.0.0-rc.12' ],
60 silly audit   '@rolldown/binding-freebsd-x64': [ '1.0.0-rc.12' ],
60 silly audit   '@rolldown/binding-linux-arm-gnueabihf': [ '1.0.0-rc.12' ],
60 silly audit   '@rolldown/binding-linux-arm64-gnu': [ '1.0.0-rc.12' ],
60 silly audit   '@rolldown/binding-linux-arm64-musl': [ '1.0.0-rc.12' ],
60 silly audit   '@rolldown/binding-linux-ppc64-gnu': [ '1.0.0-rc.12' ],
60 silly audit   '@rolldown/binding-linux-s390x-gnu': [ '1.0.0-rc.12' ],
60 silly audit   '@rolldown/binding-linux-x64-gnu': [ '1.0.0-rc.12' ],
60 silly audit   '@rolldown/binding-linux-x64-musl': [ '1.0.0-rc.12' ],
60 silly audit   '@rolldown/binding-openharmony-arm64': [ '1.0.0-rc.12' ],
60 silly audit   '@rolldown/binding-wasm32-wasi': [ '1.0.0-rc.12' ],
60 silly audit   '@rolldown/binding-win32-arm64-msvc': [ '1.0.0-rc.12' ],
60 silly audit   '@rolldown/binding-win32-x64-msvc': [ '1.0.0-rc.12' ],
60 silly audit   '@rolldown/pluginutils': [ '1.0.0-rc.7', '1.0.0-rc.12' ],
60 silly audit   '@rollup/pluginutils': [ '5.3.0' ],
60 silly audit   '@rushstack/node-core-library': [ '5.21.0' ],
60 silly audit   '@rushstack/problem-matcher': [ '0.2.1' ],
60 silly audit   '@rushstack/rig-package': [ '0.7.2' ],
60 silly audit   '@rushstack/terminal': [ '0.22.4' ],
60 silly audit   '@rushstack/ts-command-line': [ '5.3.4' ],
60 silly audit   '@standard-schema/spec': [ '1.1.0' ],
60 silly audit   '@testing-library/dom': [ '10.4.1' ],
60 silly audit   '@testing-library/jest-dom': [ '6.9.1' ],
60 silly audit   'dom-accessibility-api': [ '0.6.3', '0.5.16' ],
60 silly audit   '@testing-library/react': [ '16.3.2' ],
60 silly audit   '@tybys/wasm-util': [ '0.10.1' ],
60 silly audit   '@types/argparse': [ '1.0.38' ],
60 silly audit   '@types/aria-query': [ '5.0.4' ],
60 silly audit   '@types/chai': [ '5.2.3' ],
60 silly audit   '@types/deep-eql': [ '4.0.2' ],
60 silly audit   '@types/estree': [ '1.0.8' ],
60 silly audit   '@types/react': [ '19.2.14' ],
60 silly audit   '@types/react-dom': [ '19.2.3' ],
60 silly audit   '@vitejs/plugin-react': [ '6.0.1' ],
60 silly audit   '@vitest/expect': [ '4.1.2' ],
60 silly audit   '@vitest/mocker': [ '4.1.2' ],
60 silly audit   'estree-walker': [ '3.0.3', '2.0.2' ],
60 silly audit   '@vitest/pretty-format': [ '4.1.2' ],
60 silly audit   '@vitest/runner': [ '4.1.2' ],
60 silly audit   '@vitest/snapshot': [ '4.1.2' ],
60 silly audit   '@vitest/spy': [ '4.1.2' ],
60 silly audit   '@vitest/utils': [ '4.1.2' ],
60 silly audit   '@volar/language-core': [ '2.4.28' ],
60 silly audit   '@volar/source-map': [ '2.4.28' ],
60 silly audit   '@volar/typescript': [ '2.4.28' ],
60 silly audit   '@vue/compiler-core': [ '3.5.31' ],
60 silly audit   entities: [ '7.0.1', '6.0.1' ],
60 silly audit   '@vue/compiler-dom': [ '3.5.31' ],
60 silly audit   '@vue/compiler-vue2': [ '2.7.16' ],
60 silly audit   '@vue/language-core': [ '2.2.0' ],
60 silly audit   '@vue/shared': [ '3.5.31' ],
60 silly audit   acorn: [ '8.16.0' ],
60 silly audit   ajv: [ '8.18.0' ],
60 silly audit   'ajv-draft-04': [ '1.0.0' ],
60 silly audit   'ajv-formats': [ '3.0.1' ],
60 silly audit   'alien-signals': [ '0.4.14' ],
60 silly audit   'ansi-regex': [ '5.0.1' ],
60 silly audit   'ansi-styles': [ '5.2.0' ],
60 silly audit   argparse: [ '1.0.10' ],
60 silly audit   'aria-query': [ '5.3.0' ],
60 silly audit   'assertion-error': [ '2.0.1' ],
60 silly audit   'balanced-match': [ '4.0.4' ],
60 silly audit   'bidi-js': [ '1.0.3' ],
60 silly audit   'brace-expansion': [ '5.0.5' ],
60 silly audit   chai: [ '6.2.2' ],
60 silly audit   'compare-versions': [ '6.1.1' ],
60 silly audit   confbox: [ '0.2.4', '0.1.8' ],
60 silly audit   'convert-source-map': [ '2.0.0' ],
60 silly audit   'css-tree': [ '3.2.1' ],
60 silly audit   'css.escape': [ '1.5.1' ],
60 silly audit   csstype: [ '3.2.3' ],
60 silly audit   'data-urls': [ '7.0.0' ],
60 silly audit   'de-indent': [ '1.0.2' ],
60 silly audit   debug: [ '4.4.3' ],
60 silly audit   'decimal.js': [ '10.6.0' ],
60 silly audit   dequal: [ '2.0.3' ],
60 silly audit   'detect-libc': [ '2.1.2' ],
60 silly audit   diff: [ '8.0.4' ],
60 silly audit   'es-module-lexer': [ '2.0.0' ],
60 silly audit   'expect-type': [ '1.3.0' ],
60 silly audit   exsolve: [ '1.0.8' ],
60 silly audit   'fast-deep-equal': [ '3.1.3' ],
60 silly audit   'fast-uri': [ '3.1.0' ],
60 silly audit   fdir: [ '6.5.0' ],
60 silly audit   'fs-extra': [ '11.3.4' ],
60 silly audit   fsevents: [ '2.3.3' ],
60 silly audit   'function-bind': [ '1.1.2' ],
60 silly audit   'graceful-fs': [ '4.2.11' ],
60 silly audit   'has-flag': [ '4.0.0' ],
60 silly audit   hasown: [ '2.0.2' ],
60 silly audit   he: [ '1.2.0' ],
60 silly audit   'html-encoding-sniffer': [ '6.0.0' ],
60 silly audit   'import-lazy': [ '4.0.0' ],
60 silly audit   'indent-string': [ '4.0.0' ],
60 silly audit   'is-core-module': [ '2.16.1' ],
60 silly audit   'is-potential-custom-element-name': [ '1.0.1' ],
60 silly audit   jju: [ '1.4.0' ],
60 silly audit   'js-tokens': [ '4.0.0' ],
60 silly audit   jsdom: [ '29.0.1' ],
60 silly audit   'json-schema-traverse': [ '1.0.0' ],
60 silly audit   jsonfile: [ '6.2.0' ],
60 silly audit   kolorist: [ '1.8.0' ],
60 silly audit   lightningcss: [ '1.32.0' ],
60 silly audit   'lightningcss-android-arm64': [ '1.32.0' ],
60 silly audit   'lightningcss-darwin-arm64': [ '1.32.0' ],
60 silly audit   'lightningcss-darwin-x64': [ '1.32.0' ],
60 silly audit   'lightningcss-freebsd-x64': [ '1.32.0' ],
60 silly audit   'lightningcss-linux-arm-gnueabihf': [ '1.32.0' ],
60 silly audit   'lightningcss-linux-arm64-gnu': [ '1.32.0' ],
60 silly audit   'lightningcss-linux-arm64-musl': [ '1.32.0' ],
60 silly audit   'lightningcss-linux-x64-gnu': [ '1.32.0' ],
60 silly audit   'lightningcss-linux-x64-musl': [ '1.32.0' ],
60 silly audit   'lightningcss-win32-arm64-msvc': [ '1.32.0' ],
60 silly audit   'lightningcss-win32-x64-msvc': [ '1.32.0' ],
60 silly audit   'local-pkg': [ '1.1.2' ],
60 silly audit   lodash: [ '4.17.23' ],
60 silly audit   'lz-string': [ '1.5.0' ],
60 silly audit   'magic-string': [ '0.30.21' ],
60 silly audit   'mdn-data': [ '2.27.1' ],
60 silly audit   'min-indent': [ '1.0.1' ],
60 silly audit   minimatch: [ '10.2.5' ],
60 silly audit   mlly: [ '1.8.2' ],
60 silly audit   'pkg-types': [ '1.3.1', '2.3.0' ],
60 silly audit   ms: [ '2.1.3' ],
60 silly audit   'muggle-string': [ '0.4.1' ],
60 silly audit   nanoid: [ '3.3.11' ],
60 silly audit   obug: [ '2.1.1' ],
60 silly audit   parse5: [ '8.0.0' ],
60 silly audit   'path-browserify': [ '1.0.1' ],
60 silly audit   'path-parse': [ '1.0.7' ],
60 silly audit   pathe: [ '2.0.3' ],
60 silly audit   picocolors: [ '1.1.1' ],
60 silly audit   picomatch: [ '4.0.4' ],
60 silly audit   postcss: [ '8.5.8' ],
60 silly audit   'pretty-format': [ '27.5.1' ],
60 silly audit   punycode: [ '2.3.1' ],
60 silly audit   quansync: [ '0.2.11' ],
60 silly audit   react: [ '19.2.4' ],
60 silly audit   'react-dom': [ '19.2.4' ],
60 silly audit   'react-is': [ '17.0.2' ],
60 silly audit   redent: [ '3.0.0' ],
60 silly audit   'require-from-string': [ '2.0.2' ],
60 silly audit   resolve: [ '1.22.11' ],
60 silly audit   rolldown: [ '1.0.0-rc.12' ],
60 silly audit   saxes: [ '6.0.0' ],
60 silly audit   scheduler: [ '0.27.0' ],
60 silly audit   siginfo: [ '2.0.0' ],
60 silly audit   'source-map': [ '0.6.1' ],
60 silly audit   'source-map-js': [ '1.2.1' ],
60 silly audit   'sprintf-js': [ '1.0.3' ],
60 silly audit   stackback: [ '0.0.2' ],
60 silly audit   'std-env': [ '4.0.0' ],
60 silly audit   'string-argv': [ '0.3.2' ],
60 silly audit   'strip-indent': [ '3.0.0' ],
60 silly audit   'strip-json-comments': [ '3.1.1' ],
60 silly audit   'supports-color': [ '8.1.1' ],
60 silly audit   'supports-preserve-symlinks-flag': [ '1.0.0' ],
60 silly audit   'symbol-tree': [ '3.2.4' ],
60 silly audit   tinybench: [ '2.9.0' ],
60 silly audit   tinyexec: [ '1.0.4' ],
60 silly audit   tinyglobby: [ '0.2.15' ],
60 silly audit   tinyrainbow: [ '3.1.0' ],
60 silly audit   tldts: [ '7.0.27' ],
60 silly audit   'tldts-core': [ '7.0.27' ],
60 silly audit   'tough-cookie': [ '6.0.1' ],
60 silly audit   tr46: [ '6.0.0' ],
60 silly audit   tslib: [ '2.8.1' ],
60 silly audit   ufo: [ '1.6.3' ],
60 silly audit   undici: [ '7.24.6' ],
60 silly audit   universalify: [ '2.0.1' ],
60 silly audit   vite: [ '8.0.3' ],
60 silly audit   'vite-plugin-dts': [ '4.5.4' ],
60 silly audit   vitest: [ '4.1.2' ],
60 silly audit   'vscode-uri': [ '3.1.0' ],
60 silly audit   'w3c-xmlserializer': [ '5.0.0' ],
60 silly audit   'webidl-conversions': [ '8.0.1' ],
60 silly audit   'whatwg-mimetype': [ '5.0.0' ],
60 silly audit   'whatwg-url': [ '16.0.1' ],
60 silly audit   'why-is-node-running': [ '2.3.0' ],
60 silly audit   'xml-name-validator': [ '5.0.0' ],
60 silly audit   xmlchars: [ '2.2.0' ],
60 silly audit   '@emnapi/core': [ '1.10.0' ],
60 silly audit   '@emnapi/runtime': [ '1.10.0' ],
60 silly audit   '@emnapi/wasi-threads': [ '1.2.1' ]
60 silly audit }
61 verbose reify failed optional dependency C:\apps\instaPresi\react\node_modules\lightningcss-win32-arm64-msvc
62 silly reify mark deleted [
62 silly reify   'C:\\apps\\instaPresi\\react\\node_modules\\lightningcss-win32-arm64-msvc'
62 silly reify ]
63 verbose reify failed optional dependency C:\apps\instaPresi\react\node_modules\lightningcss-linux-x64-musl
64 silly reify mark deleted [
64 silly reify   'C:\\apps\\instaPresi\\react\\node_modules\\lightningcss-linux-x64-musl'
64 silly reify ]
65 verbose reify failed optional dependency C:\apps\instaPresi\react\node_modules\lightningcss-linux-x64-gnu
66 silly reify mark deleted [
66 silly reify   'C:\\apps\\instaPresi\\react\\node_modules\\lightningcss-linux-x64-gnu'
66 silly reify ]
67 verbose reify failed optional dependency C:\apps\instaPresi\react\node_modules\lightningcss-linux-arm64-musl
68 silly reify mark deleted [
68 silly reify   'C:\\apps\\instaPresi\\react\\node_modules\\lightningcss-linux-arm64-musl'
68 silly reify ]
69 verbose reify failed optional dependency C:\apps\instaPresi\react\node_modules\lightningcss-linux-arm64-gnu
70 silly reify mark deleted [
70 silly reify   'C:\\apps\\instaPresi\\react\\node_modules\\lightningcss-linux-arm64-gnu'
70 silly reify ]
71 verbose reify failed optional dependency C:\apps\instaPresi\react\node_modules\lightningcss-linux-arm-gnueabihf
72 silly reify mark deleted [
72 silly reify   'C:\\apps\\instaPresi\\react\\node_modules\\lightningcss-linux-arm-gnueabihf'
72 silly reify ]
73 verbose reify failed optional dependency C:\apps\instaPresi\react\node_modules\lightningcss-freebsd-x64
74 silly reify mark deleted [
74 silly reify   'C:\\apps\\instaPresi\\react\\node_modules\\lightningcss-freebsd-x64'
74 silly reify ]
75 verbose reify failed optional dependency C:\apps\instaPresi\react\node_modules\lightningcss-darwin-x64
76 silly reify mark deleted [
76 silly reify   'C:\\apps\\instaPresi\\react\\node_modules\\lightningcss-darwin-x64'
76 silly reify ]
77 verbose reify failed optional dependency C:\apps\instaPresi\react\node_modules\lightningcss-darwin-arm64
78 silly reify mark deleted [
78 silly reify   'C:\\apps\\instaPresi\\react\\node_modules\\lightningcss-darwin-arm64'
78 silly reify ]
79 verbose reify failed optional dependency C:\apps\instaPresi\react\node_modules\lightningcss-android-arm64
80 silly reify mark deleted [
80 silly reify   'C:\\apps\\instaPresi\\react\\node_modules\\lightningcss-android-arm64'
80 silly reify ]
81 verbose reify failed optional dependency C:\apps\instaPresi\react\node_modules\fsevents
82 silly reify mark deleted [ 'C:\\apps\\instaPresi\\react\\node_modules\\fsevents' ]
83 verbose reify failed optional dependency C:\apps\instaPresi\react\node_modules\@rolldown\binding-win32-arm64-msvc
84 silly reify mark deleted [
84 silly reify   'C:\\apps\\instaPresi\\react\\node_modules\\@rolldown\\binding-win32-arm64-msvc'
84 silly reify ]
85 verbose reify failed optional dependency C:\apps\instaPresi\react\node_modules\@rolldown\binding-wasm32-wasi
86 silly reify mark deleted [
86 silly reify   'C:\\apps\\instaPresi\\react\\node_modules\\@rolldown\\binding-wasm32-wasi'
86 silly reify ]
87 verbose reify failed optional dependency C:\apps\instaPresi\react\node_modules\@napi-rs\wasm-runtime
88 silly reify mark deleted [ 'C:\\apps\\instaPresi\\react\\node_modules\\@napi-rs\\wasm-runtime' ]
89 verbose reify failed optional dependency C:\apps\instaPresi\react\node_modules\@emnapi\core
90 silly reify mark deleted [ 'C:\\apps\\instaPresi\\react\\node_modules\\@emnapi\\core' ]
91 verbose reify failed optional dependency C:\apps\instaPresi\react\node_modules\@emnapi\runtime
92 silly reify mark deleted [ 'C:\\apps\\instaPresi\\react\\node_modules\\@emnapi\\runtime' ]
93 verbose reify failed optional dependency C:\apps\instaPresi\react\node_modules\@tybys\wasm-util
94 silly reify mark deleted [ 'C:\\apps\\instaPresi\\react\\node_modules\\@tybys\\wasm-util' ]
95 verbose reify failed optional dependency C:\apps\instaPresi\react\node_modules\@emnapi\wasi-threads
96 silly reify mark deleted [ 'C:\\apps\\instaPresi\\react\\node_modules\\@emnapi\\wasi-threads' ]
97 verbose reify failed optional dependency C:\apps\instaPresi\react\node_modules\tslib
98 silly reify mark deleted [ 'C:\\apps\\instaPresi\\react\\node_modules\\tslib' ]
99 verbose reify failed optional dependency C:\apps\instaPresi\react\node_modules\@rolldown\binding-openharmony-arm64
100 silly reify mark deleted [
100 silly reify   'C:\\apps\\instaPresi\\react\\node_modules\\@rolldown\\binding-openharmony-arm64'
100 silly reify ]
101 verbose reify failed optional dependency C:\apps\instaPresi\react\node_modules\@rolldown\binding-linux-x64-musl
102 silly reify mark deleted [
102 silly reify   'C:\\apps\\instaPresi\\react\\node_modules\\@rolldown\\binding-linux-x64-musl'
102 silly reify ]
103 verbose reify failed optional dependency C:\apps\instaPresi\react\node_modules\@rolldown\binding-linux-x64-gnu
104 silly reify mark deleted [
104 silly reify   'C:\\apps\\instaPresi\\react\\node_modules\\@rolldown\\binding-linux-x64-gnu'
104 silly reify ]
105 verbose reify failed optional dependency C:\apps\instaPresi\react\node_modules\@rolldown\binding-linux-s390x-gnu
106 silly reify mark deleted [
106 silly reify   'C:\\apps\\instaPresi\\react\\node_modules\\@rolldown\\binding-linux-s390x-gnu'
106 silly reify ]
107 verbose reify failed optional dependency C:\apps\instaPresi\react\node_modules\@rolldown\binding-linux-ppc64-gnu
108 silly reify mark deleted [
108 silly reify   'C:\\apps\\instaPresi\\react\\node_modules\\@rolldown\\binding-linux-ppc64-gnu'
108 silly reify ]
109 verbose reify failed optional dependency C:\apps\instaPresi\react\node_modules\@rolldown\binding-linux-arm64-musl
110 silly reify mark deleted [
110 silly reify   'C:\\apps\\instaPresi\\react\\node_modules\\@rolldown\\binding-linux-arm64-musl'
110 silly reify ]
111 verbose reify failed optional dependency C:\apps\instaPresi\react\node_modules\@rolldown\binding-linux-arm64-gnu
112 silly reify mark deleted [
112 silly reify   'C:\\apps\\instaPresi\\react\\node_modules\\@rolldown\\binding-linux-arm64-gnu'
112 silly reify ]
113 verbose reify failed optional dependency C:\apps\instaPresi\react\node_modules\@rolldown\binding-linux-arm-gnueabihf
114 silly reify mark deleted [
114 silly reify   'C:\\apps\\instaPresi\\react\\node_modules\\@rolldown\\binding-linux-arm-gnueabihf'
114 silly reify ]
115 verbose reify failed optional dependency C:\apps\instaPresi\react\node_modules\@rolldown\binding-freebsd-x64
116 silly reify mark deleted [
116 silly reify   'C:\\apps\\instaPresi\\react\\node_modules\\@rolldown\\binding-freebsd-x64'
116 silly reify ]
117 verbose reify failed optional dependency C:\apps\instaPresi\react\node_modules\@rolldown\binding-darwin-x64
118 silly reify mark deleted [
118 silly reify   'C:\\apps\\instaPresi\\react\\node_modules\\@rolldown\\binding-darwin-x64'
118 silly reify ]
119 verbose reify failed optional dependency C:\apps\instaPresi\react\node_modules\@rolldown\binding-darwin-arm64
120 silly reify mark deleted [
120 silly reify   'C:\\apps\\instaPresi\\react\\node_modules\\@rolldown\\binding-darwin-arm64'
120 silly reify ]
121 verbose reify failed optional dependency C:\apps\instaPresi\react\node_modules\@rolldown\binding-android-arm64
122 silly reify mark deleted [
122 silly reify   'C:\\apps\\instaPresi\\react\\node_modules\\@rolldown\\binding-android-arm64'
122 silly reify ]
123 timing reifyNode:node_modules/lightningcss-win32-arm64-msvc Completed in 64ms
124 timing reifyNode:node_modules/lightningcss-linux-x64-musl Completed in 64ms
125 timing reifyNode:node_modules/lightningcss-linux-x64-gnu Completed in 64ms
126 timing reifyNode:node_modules/lightningcss-linux-arm64-musl Completed in 64ms
127 timing reifyNode:node_modules/lightningcss-linux-arm64-gnu Completed in 65ms
128 timing reifyNode:node_modules/lightningcss-linux-arm-gnueabihf Completed in 65ms
129 timing reifyNode:node_modules/lightningcss-freebsd-x64 Completed in 65ms
130 timing reifyNode:node_modules/lightningcss-darwin-x64 Completed in 65ms
131 timing reifyNode:node_modules/lightningcss-darwin-arm64 Completed in 65ms
132 timing reifyNode:node_modules/lightningcss-android-arm64 Completed in 65ms
133 timing reifyNode:node_modules/fsevents Completed in 64ms
134 timing reifyNode:node_modules/@rolldown/binding-win32-arm64-msvc Completed in 60ms
135 timing reifyNode:node_modules/@rolldown/binding-wasm32-wasi Completed in 60ms
136 timing reifyNode:node_modules/@rolldown/binding-openharmony-arm64 Completed in 60ms
137 timing reifyNode:node_modules/@rolldown/binding-linux-x64-musl Completed in 60ms
138 timing reifyNode:node_modules/@rolldown/binding-linux-x64-gnu Completed in 60ms
139 timing reifyNode:node_modules/@rolldown/binding-linux-s390x-gnu Completed in 60ms
140 timing reifyNode:node_modules/@rolldown/binding-linux-ppc64-gnu Completed in 60ms
141 timing reifyNode:node_modules/@rolldown/binding-linux-arm64-musl Completed in 60ms
142 timing reifyNode:node_modules/@rolldown/binding-linux-arm64-gnu Completed in 60ms
143 timing reifyNode:node_modules/@rolldown/binding-linux-arm-gnueabihf Completed in 60ms
144 timing reifyNode:node_modules/@rolldown/binding-freebsd-x64 Completed in 60ms
145 timing reifyNode:node_modules/@rolldown/binding-darwin-x64 Completed in 60ms
146 timing reifyNode:node_modules/@rolldown/binding-darwin-arm64 Completed in 60ms
147 timing reifyNode:node_modules/@rolldown/binding-android-arm64 Completed in 60ms
148 timing reifyNode:node_modules/reveal.js Completed in 156ms
149 silly tarball no local data for @emnapi/wasi-threads@https://registry.npmjs.org/@emnapi/wasi-threads/-/wasi-threads-1.2.1.tgz. Extracting by manifest.
150 silly tarball no local data for @emnapi/core@https://registry.npmjs.org/@emnapi/core/-/core-1.10.0.tgz. Extracting by manifest.
151 silly tarball no local data for xmlchars@https://registry.npmjs.org/xmlchars/-/xmlchars-2.2.0.tgz. Extracting by manifest.
152 silly tarball no local data for @emnapi/runtime@https://registry.npmjs.org/@emnapi/runtime/-/runtime-1.10.0.tgz. Extracting by manifest.
153 silly tarball no local data for xml-name-validator@https://registry.npmjs.org/xml-name-validator/-/xml-name-validator-5.0.0.tgz. Extracting by manifest.
154 silly tarball no local data for why-is-node-running@https://registry.npmjs.org/why-is-node-running/-/why-is-node-running-2.3.0.tgz. Extracting by manifest.
155 silly tarball no local data for whatwg-url@https://registry.npmjs.org/whatwg-url/-/whatwg-url-16.0.1.tgz. Extracting by manifest.
156 silly tarball no local data for whatwg-mimetype@https://registry.npmjs.org/whatwg-mimetype/-/whatwg-mimetype-5.0.0.tgz. Extracting by manifest.
157 silly tarball no local data for webidl-conversions@https://registry.npmjs.org/webidl-conversions/-/webidl-conversions-8.0.1.tgz. Extracting by manifest.
158 silly tarball no local data for w3c-xmlserializer@https://registry.npmjs.org/w3c-xmlserializer/-/w3c-xmlserializer-5.0.0.tgz. Extracting by manifest.
159 silly tarball no local data for vitest@https://registry.npmjs.org/vitest/-/vitest-4.1.2.tgz. Extracting by manifest.
160 silly tarball no local data for vite-plugin-dts@https://registry.npmjs.org/vite-plugin-dts/-/vite-plugin-dts-4.5.4.tgz. Extracting by manifest.
161 silly tarball no local data for vite@https://registry.npmjs.org/vite/-/vite-8.0.3.tgz. Extracting by manifest.
162 silly tarball no local data for undici@https://registry.npmjs.org/undici/-/undici-7.24.6.tgz. Extracting by manifest.
163 silly tarball no local data for ufo@https://registry.npmjs.org/ufo/-/ufo-1.6.3.tgz. Extracting by manifest.
164 silly tarball no local data for universalify@https://registry.npmjs.org/universalify/-/universalify-2.0.1.tgz. Extracting by manifest.
165 silly tarball no local data for typescript@https://registry.npmjs.org/typescript/-/typescript-6.0.2.tgz. Extracting by manifest.
166 silly tarball no local data for tr46@https://registry.npmjs.org/tr46/-/tr46-6.0.0.tgz. Extracting by manifest.
167 silly tarball no local data for tough-cookie@https://registry.npmjs.org/tough-cookie/-/tough-cookie-6.0.1.tgz. Extracting by manifest.
168 silly tarball no local data for tldts-core@https://registry.npmjs.org/tldts-core/-/tldts-core-7.0.27.tgz. Extracting by manifest.
169 silly tarball no local data for tldts@https://registry.npmjs.org/tldts/-/tldts-7.0.27.tgz. Extracting by manifest.
170 silly tarball no local data for vscode-uri@https://registry.npmjs.org/vscode-uri/-/vscode-uri-3.1.0.tgz. Extracting by manifest.
171 silly tarball no local data for tinyrainbow@https://registry.npmjs.org/tinyrainbow/-/tinyrainbow-3.1.0.tgz. Extracting by manifest.
172 silly tarball no local data for tinyexec@https://registry.npmjs.org/tinyexec/-/tinyexec-1.0.4.tgz. Extracting by manifest.
173 silly tarball no local data for tinybench@https://registry.npmjs.org/tinybench/-/tinybench-2.9.0.tgz. Extracting by manifest.
174 silly tarball no local data for tinyglobby@https://registry.npmjs.org/tinyglobby/-/tinyglobby-0.2.15.tgz. Extracting by manifest.
175 silly tarball no local data for symbol-tree@https://registry.npmjs.org/symbol-tree/-/symbol-tree-3.2.4.tgz. Extracting by manifest.
176 silly tarball no local data for supports-color@https://registry.npmjs.org/supports-color/-/supports-color-8.1.1.tgz. Extracting by manifest.
177 silly tarball no local data for supports-preserve-symlinks-flag@https://registry.npmjs.org/supports-preserve-symlinks-flag/-/supports-preserve-symlinks-flag-1.0.0.tgz. Extracting by manifest.
178 silly tarball no local data for strip-indent@https://registry.npmjs.org/strip-indent/-/strip-indent-3.0.0.tgz. Extracting by manifest.
179 silly tarball no local data for string-argv@https://registry.npmjs.org/string-argv/-/string-argv-0.3.2.tgz. Extracting by manifest.
180 silly tarball no local data for sprintf-js@https://registry.npmjs.org/sprintf-js/-/sprintf-js-1.0.3.tgz. Extracting by manifest.
181 silly tarball no local data for stackback@https://registry.npmjs.org/stackback/-/stackback-0.0.2.tgz. Extracting by manifest.
182 silly tarball no local data for std-env@https://registry.npmjs.org/std-env/-/std-env-4.0.0.tgz. Extracting by manifest.
183 silly tarball no local data for source-map-js@https://registry.npmjs.org/source-map-js/-/source-map-js-1.2.1.tgz. Extracting by manifest.
184 silly tarball no local data for strip-json-comments@https://registry.npmjs.org/strip-json-comments/-/strip-json-comments-3.1.1.tgz. Extracting by manifest.
185 silly tarball no local data for siginfo@https://registry.npmjs.org/siginfo/-/siginfo-2.0.0.tgz. Extracting by manifest.
186 silly tarball no local data for source-map@https://registry.npmjs.org/source-map/-/source-map-0.6.1.tgz. Extracting by manifest.
187 silly tarball no local data for saxes@https://registry.npmjs.org/saxes/-/saxes-6.0.0.tgz. Extracting by manifest.
188 silly tarball no local data for tslib@https://registry.npmjs.org/tslib/-/tslib-2.8.1.tgz. Extracting by manifest.
189 silly tarball no local data for scheduler@https://registry.npmjs.org/scheduler/-/scheduler-0.27.0.tgz. Extracting by manifest.
190 silly tarball no local data for resolve@https://registry.npmjs.org/resolve/-/resolve-1.22.11.tgz. Extracting by manifest.
191 silly tarball no local data for rolldown@https://registry.npmjs.org/rolldown/-/rolldown-1.0.0-rc.12.tgz. Extracting by manifest.
192 silly tarball no local data for require-from-string@https://registry.npmjs.org/require-from-string/-/require-from-string-2.0.2.tgz. Extracting by manifest.
193 silly tarball no local data for redent@https://registry.npmjs.org/redent/-/redent-3.0.0.tgz. Extracting by manifest.
194 silly tarball no local data for react-dom@https://registry.npmjs.org/react-dom/-/react-dom-19.2.4.tgz. Extracting by manifest.
195 silly tarball no local data for react-is@https://registry.npmjs.org/react-is/-/react-is-17.0.2.tgz. Extracting by manifest.
196 silly tarball no local data for react@https://registry.npmjs.org/react/-/react-19.2.4.tgz. Extracting by manifest.
197 silly tarball no local data for quansync@https://registry.npmjs.org/quansync/-/quansync-0.2.11.tgz. Extracting by manifest.
198 silly tarball no local data for punycode@https://registry.npmjs.org/punycode/-/punycode-2.3.1.tgz. Extracting by manifest.
199 silly tarball no local data for pretty-format@https://registry.npmjs.org/pretty-format/-/pretty-format-27.5.1.tgz. Extracting by manifest.
200 silly tarball no local data for pkg-types@https://registry.npmjs.org/pkg-types/-/pkg-types-2.3.0.tgz. Extracting by manifest.
201 silly tarball no local data for picomatch@https://registry.npmjs.org/picomatch/-/picomatch-4.0.4.tgz. Extracting by manifest.
202 silly tarball no local data for picocolors@https://registry.npmjs.org/picocolors/-/picocolors-1.1.1.tgz. Extracting by manifest.
203 silly tarball no local data for postcss@https://registry.npmjs.org/postcss/-/postcss-8.5.8.tgz. Extracting by manifest.
204 silly tarball no local data for pathe@https://registry.npmjs.org/pathe/-/pathe-2.0.3.tgz. Extracting by manifest.
205 silly tarball no local data for path-parse@https://registry.npmjs.org/path-parse/-/path-parse-1.0.7.tgz. Extracting by manifest.
206 silly tarball no local data for obug@https://registry.npmjs.org/obug/-/obug-2.1.1.tgz. Extracting by manifest.
207 silly tarball no local data for nanoid@https://registry.npmjs.org/nanoid/-/nanoid-3.3.11.tgz. Extracting by manifest.
208 silly tarball no local data for ms@https://registry.npmjs.org/ms/-/ms-2.1.3.tgz. Extracting by manifest.
209 silly tarball no local data for mlly@https://registry.npmjs.org/mlly/-/mlly-1.8.2.tgz. Extracting by manifest.
210 silly tarball no local data for muggle-string@https://registry.npmjs.org/muggle-string/-/muggle-string-0.4.1.tgz. Extracting by manifest.
211 silly tarball no local data for minimatch@https://registry.npmjs.org/minimatch/-/minimatch-10.2.5.tgz. Extracting by manifest.
212 silly tarball no local data for mdn-data@https://registry.npmjs.org/mdn-data/-/mdn-data-2.27.1.tgz. Extracting by manifest.
213 silly tarball no local data for magic-string@https://registry.npmjs.org/magic-string/-/magic-string-0.30.21.tgz. Extracting by manifest.
214 silly tarball no local data for min-indent@https://registry.npmjs.org/min-indent/-/min-indent-1.0.1.tgz. Extracting by manifest.
215 silly tarball no local data for lz-string@https://registry.npmjs.org/lz-string/-/lz-string-1.5.0.tgz. Extracting by manifest.
216 silly tarball no local data for lodash@https://registry.npmjs.org/lodash/-/lodash-4.17.23.tgz. Extracting by manifest.
217 silly tarball no local data for local-pkg@https://registry.npmjs.org/local-pkg/-/local-pkg-1.1.2.tgz. Extracting by manifest.
218 silly tarball no local data for lru-cache@https://registry.npmjs.org/lru-cache/-/lru-cache-11.2.7.tgz. Extracting by manifest.
219 silly tarball no local data for lightningcss-win32-x64-msvc@https://registry.npmjs.org/lightningcss-win32-x64-msvc/-/lightningcss-win32-x64-msvc-1.32.0.tgz. Extracting by manifest.
220 silly tarball no local data for lightningcss@https://registry.npmjs.org/lightningcss/-/lightningcss-1.32.0.tgz. Extracting by manifest.
221 silly tarball no local data for jsonfile@https://registry.npmjs.org/jsonfile/-/jsonfile-6.2.0.tgz. Extracting by manifest.
222 silly tarball no local data for kolorist@https://registry.npmjs.org/kolorist/-/kolorist-1.8.0.tgz. Extracting by manifest.
223 silly tarball no local data for json-schema-traverse@https://registry.npmjs.org/json-schema-traverse/-/json-schema-traverse-1.0.0.tgz. Extracting by manifest.
224 silly tarball no local data for js-tokens@https://registry.npmjs.org/js-tokens/-/js-tokens-4.0.0.tgz. Extracting by manifest.
225 silly tarball no local data for jsdom@https://registry.npmjs.org/jsdom/-/jsdom-29.0.1.tgz. Extracting by manifest.
226 silly tarball no local data for jju@https://registry.npmjs.org/jju/-/jju-1.4.0.tgz. Extracting by manifest.
227 silly tarball no local data for is-potential-custom-element-name@https://registry.npmjs.org/is-potential-custom-element-name/-/is-potential-custom-element-name-1.0.1.tgz. Extracting by manifest.
228 silly tarball no local data for is-core-module@https://registry.npmjs.org/is-core-module/-/is-core-module-2.16.1.tgz. Extracting by manifest.
229 silly tarball no local data for indent-string@https://registry.npmjs.org/indent-string/-/indent-string-4.0.0.tgz. Extracting by manifest.
230 silly tarball no local data for import-lazy@https://registry.npmjs.org/import-lazy/-/import-lazy-4.0.0.tgz. Extracting by manifest.
231 silly tarball no local data for html-encoding-sniffer@https://registry.npmjs.org/html-encoding-sniffer/-/html-encoding-sniffer-6.0.0.tgz. Extracting by manifest.
232 silly tarball no local data for he@https://registry.npmjs.org/he/-/he-1.2.0.tgz. Extracting by manifest.
233 silly tarball no local data for graceful-fs@https://registry.npmjs.org/graceful-fs/-/graceful-fs-4.2.11.tgz. Extracting by manifest.
234 silly tarball no local data for has-flag@https://registry.npmjs.org/has-flag/-/has-flag-4.0.0.tgz. Extracting by manifest.
235 silly tarball no local data for function-bind@https://registry.npmjs.org/function-bind/-/function-bind-1.1.2.tgz. Extracting by manifest.
236 silly tarball no local data for fs-extra@https://registry.npmjs.org/fs-extra/-/fs-extra-11.3.4.tgz. Extracting by manifest.
237 silly tarball no local data for fdir@https://registry.npmjs.org/fdir/-/fdir-6.5.0.tgz. Extracting by manifest.
238 silly tarball no local data for fast-uri@https://registry.npmjs.org/fast-uri/-/fast-uri-3.1.0.tgz. Extracting by manifest.
239 silly tarball no local data for fast-deep-equal@https://registry.npmjs.org/fast-deep-equal/-/fast-deep-equal-3.1.3.tgz. Extracting by manifest.
240 silly tarball no local data for exsolve@https://registry.npmjs.org/exsolve/-/exsolve-1.0.8.tgz. Extracting by manifest.
241 silly tarball no local data for expect-type@https://registry.npmjs.org/expect-type/-/expect-type-1.3.0.tgz. Extracting by manifest.
242 silly tarball no local data for estree-walker@https://registry.npmjs.org/estree-walker/-/estree-walker-2.0.2.tgz. Extracting by manifest.
243 silly tarball no local data for es-module-lexer@https://registry.npmjs.org/es-module-lexer/-/es-module-lexer-2.0.0.tgz. Extracting by manifest.
244 silly tarball no local data for dom-accessibility-api@https://registry.npmjs.org/dom-accessibility-api/-/dom-accessibility-api-0.5.16.tgz. Extracting by manifest.
245 silly tarball no local data for entities@https://registry.npmjs.org/entities/-/entities-6.0.1.tgz. Extracting by manifest.
246 silly tarball no local data for dequal@https://registry.npmjs.org/dequal/-/dequal-2.0.3.tgz. Extracting by manifest.
247 silly tarball no local data for diff@https://registry.npmjs.org/diff/-/diff-8.0.4.tgz. Extracting by manifest.
248 silly tarball no local data for detect-libc@https://registry.npmjs.org/detect-libc/-/detect-libc-2.1.2.tgz. Extracting by manifest.
249 silly tarball no local data for decimal.js@https://registry.npmjs.org/decimal.js/-/decimal.js-10.6.0.tgz. Extracting by manifest.
250 silly tarball no local data for path-browserify@https://registry.npmjs.org/path-browserify/-/path-browserify-1.0.1.tgz. Extracting by manifest.
251 silly tarball no local data for parse5@https://registry.npmjs.org/parse5/-/parse5-8.0.0.tgz. Extracting by manifest.
252 silly tarball no local data for hasown@https://registry.npmjs.org/hasown/-/hasown-2.0.2.tgz. Extracting by manifest.
253 silly tarball no local data for de-indent@https://registry.npmjs.org/de-indent/-/de-indent-1.0.2.tgz. Extracting by manifest.
254 silly tarball no local data for css.escape@https://registry.npmjs.org/css.escape/-/css.escape-1.5.1.tgz. Extracting by manifest.
255 silly tarball no local data for debug@https://registry.npmjs.org/debug/-/debug-4.4.3.tgz. Extracting by manifest.
256 silly tarball no local data for csstype@https://registry.npmjs.org/csstype/-/csstype-3.2.3.tgz. Extracting by manifest.
257 silly tarball no local data for data-urls@https://registry.npmjs.org/data-urls/-/data-urls-7.0.0.tgz. Extracting by manifest.
258 silly tarball no local data for css-tree@https://registry.npmjs.org/css-tree/-/css-tree-3.2.1.tgz. Extracting by manifest.
259 silly tarball no local data for convert-source-map@https://registry.npmjs.org/convert-source-map/-/convert-source-map-2.0.0.tgz. Extracting by manifest.
260 silly tarball no local data for chai@https://registry.npmjs.org/chai/-/chai-6.2.2.tgz. Extracting by manifest.
261 silly tarball no local data for confbox@https://registry.npmjs.org/confbox/-/confbox-0.2.4.tgz. Extracting by manifest.
262 silly tarball no local data for brace-expansion@https://registry.npmjs.org/brace-expansion/-/brace-expansion-5.0.5.tgz. Extracting by manifest.
263 silly tarball no local data for compare-versions@https://registry.npmjs.org/compare-versions/-/compare-versions-6.1.1.tgz. Extracting by manifest.
264 silly tarball no local data for bidi-js@https://registry.npmjs.org/bidi-js/-/bidi-js-1.0.3.tgz. Extracting by manifest.
265 silly tarball no local data for assertion-error@https://registry.npmjs.org/assertion-error/-/assertion-error-2.0.1.tgz. Extracting by manifest.
266 silly tarball no local data for aria-query@https://registry.npmjs.org/aria-query/-/aria-query-5.3.0.tgz. Extracting by manifest.
267 silly tarball no local data for balanced-match@https://registry.npmjs.org/balanced-match/-/balanced-match-4.0.4.tgz. Extracting by manifest.
268 silly tarball no local data for ansi-styles@https://registry.npmjs.org/ansi-styles/-/ansi-styles-5.2.0.tgz. Extracting by manifest.
269 silly tarball no local data for argparse@https://registry.npmjs.org/argparse/-/argparse-1.0.10.tgz. Extracting by manifest.
270 silly tarball no local data for ansi-regex@https://registry.npmjs.org/ansi-regex/-/ansi-regex-5.0.1.tgz. Extracting by manifest.
271 silly tarball no local data for ajv-formats@https://registry.npmjs.org/ajv-formats/-/ajv-formats-3.0.1.tgz. Extracting by manifest.
272 silly tarball no local data for ajv-draft-04@https://registry.npmjs.org/ajv-draft-04/-/ajv-draft-04-1.0.0.tgz. Extracting by manifest.
273 silly tarball no local data for acorn@https://registry.npmjs.org/acorn/-/acorn-8.16.0.tgz. Extracting by manifest.
274 silly tarball no local data for @vue/shared@https://registry.npmjs.org/@vue/shared/-/shared-3.5.31.tgz. Extracting by manifest.
275 silly tarball no local data for @volar/typescript@https://registry.npmjs.org/@volar/typescript/-/typescript-2.4.28.tgz. Extracting by manifest.
276 silly tarball no local data for @vue/language-core@https://registry.npmjs.org/@vue/language-core/-/language-core-2.2.0.tgz. Extracting by manifest.
277 silly tarball no local data for @vue/compiler-dom@https://registry.npmjs.org/@vue/compiler-dom/-/compiler-dom-3.5.31.tgz. Extracting by manifest.
278 silly tarball no local data for @vue/compiler-vue2@https://registry.npmjs.org/@vue/compiler-vue2/-/compiler-vue2-2.7.16.tgz. Extracting by manifest.
279 silly tarball no local data for alien-signals@https://registry.npmjs.org/alien-signals/-/alien-signals-0.4.14.tgz. Extracting by manifest.
280 silly tarball no local data for ajv@https://registry.npmjs.org/ajv/-/ajv-8.18.0.tgz. Extracting by manifest.
281 silly tarball no local data for @vue/compiler-core@https://registry.npmjs.org/@vue/compiler-core/-/compiler-core-3.5.31.tgz. Extracting by manifest.
282 silly tarball no local data for @volar/language-core@https://registry.npmjs.org/@volar/language-core/-/language-core-2.4.28.tgz. Extracting by manifest.
283 silly tarball no local data for @volar/source-map@https://registry.npmjs.org/@volar/source-map/-/source-map-2.4.28.tgz. Extracting by manifest.
284 silly tarball no local data for @vitest/snapshot@https://registry.npmjs.org/@vitest/snapshot/-/snapshot-4.1.2.tgz. Extracting by manifest.
285 silly tarball no local data for @vitest/spy@https://registry.npmjs.org/@vitest/spy/-/spy-4.1.2.tgz. Extracting by manifest.
286 silly tarball no local data for @vitest/utils@https://registry.npmjs.org/@vitest/utils/-/utils-4.1.2.tgz. Extracting by manifest.
287 silly tarball no local data for @vitest/runner@https://registry.npmjs.org/@vitest/runner/-/runner-4.1.2.tgz. Extracting by manifest.
288 silly tarball no local data for @vitest/pretty-format@https://registry.npmjs.org/@vitest/pretty-format/-/pretty-format-4.1.2.tgz. Extracting by manifest.
289 silly tarball no local data for @vitejs/plugin-react@https://registry.npmjs.org/@vitejs/plugin-react/-/plugin-react-6.0.1.tgz. Extracting by manifest.
290 silly tarball no local data for @vitest/expect@https://registry.npmjs.org/@vitest/expect/-/expect-4.1.2.tgz. Extracting by manifest.
291 silly tarball no local data for @vitest/mocker@https://registry.npmjs.org/@vitest/mocker/-/mocker-4.1.2.tgz. Extracting by manifest.
292 silly tarball no local data for @types/estree@https://registry.npmjs.org/@types/estree/-/estree-1.0.8.tgz. Extracting by manifest.
293 silly tarball no local data for @types/react-dom@https://registry.npmjs.org/@types/react-dom/-/react-dom-19.2.3.tgz. Extracting by manifest.
294 silly tarball no local data for @types/react@https://registry.npmjs.org/@types/react/-/react-19.2.14.tgz. Extracting by manifest.
295 silly tarball no local data for @types/chai@https://registry.npmjs.org/@types/chai/-/chai-5.2.3.tgz. Extracting by manifest.
296 silly tarball no local data for @types/argparse@https://registry.npmjs.org/@types/argparse/-/argparse-1.0.38.tgz. Extracting by manifest.
297 silly tarball no local data for @testing-library/react@https://registry.npmjs.org/@testing-library/react/-/react-16.3.2.tgz. Extracting by manifest.
298 silly tarball no local data for @tybys/wasm-util@https://registry.npmjs.org/@tybys/wasm-util/-/wasm-util-0.10.1.tgz. Extracting by manifest.
299 silly tarball no local data for @testing-library/jest-dom@https://registry.npmjs.org/@testing-library/jest-dom/-/jest-dom-6.9.1.tgz. Extracting by manifest.
300 silly tarball no local data for @types/deep-eql@https://registry.npmjs.org/@types/deep-eql/-/deep-eql-4.0.2.tgz. Extracting by manifest.
301 silly tarball no local data for @testing-library/dom@https://registry.npmjs.org/@testing-library/dom/-/dom-10.4.1.tgz. Extracting by manifest.
302 silly tarball no local data for @rushstack/ts-command-line@https://registry.npmjs.org/@rushstack/ts-command-line/-/ts-command-line-5.3.4.tgz. Extracting by manifest.
303 silly tarball no local data for @rushstack/terminal@https://registry.npmjs.org/@rushstack/terminal/-/terminal-0.22.4.tgz. Extracting by manifest.
304 silly tarball no local data for @standard-schema/spec@https://registry.npmjs.org/@standard-schema/spec/-/spec-1.1.0.tgz. Extracting by manifest.
305 silly tarball no local data for @rushstack/rig-package@https://registry.npmjs.org/@rushstack/rig-package/-/rig-package-0.7.2.tgz. Extracting by manifest.
306 silly tarball no local data for @rushstack/problem-matcher@https://registry.npmjs.org/@rushstack/problem-matcher/-/problem-matcher-0.2.1.tgz. Extracting by manifest.
307 silly tarball no local data for @rollup/pluginutils@https://registry.npmjs.org/@rollup/pluginutils/-/pluginutils-5.3.0.tgz. Extracting by manifest.
308 silly tarball no local data for @oxc-project/types@https://registry.npmjs.org/@oxc-project/types/-/types-0.122.0.tgz. Extracting by manifest.
309 silly tarball no local data for @napi-rs/wasm-runtime@https://registry.npmjs.org/@napi-rs/wasm-runtime/-/wasm-runtime-1.1.2.tgz. Extracting by manifest.
310 silly tarball no local data for @rushstack/node-core-library@https://registry.npmjs.org/@rushstack/node-core-library/-/node-core-library-5.21.0.tgz. Extracting by manifest.
311 silly tarball no local data for @rolldown/binding-win32-x64-msvc@https://registry.npmjs.org/@rolldown/binding-win32-x64-msvc/-/binding-win32-x64-msvc-1.0.0-rc.12.tgz. Extracting by manifest.
312 silly tarball no local data for @rolldown/pluginutils@https://registry.npmjs.org/@rolldown/pluginutils/-/pluginutils-1.0.0-rc.7.tgz. Extracting by manifest.
313 silly tarball no local data for @jridgewell/sourcemap-codec@https://registry.npmjs.org/@jridgewell/sourcemap-codec/-/sourcemap-codec-1.5.5.tgz. Extracting by manifest.
314 silly tarball no local data for @microsoft/tsdoc-config@https://registry.npmjs.org/@microsoft/tsdoc-config/-/tsdoc-config-0.18.1.tgz. Extracting by manifest.
315 silly tarball no local data for @microsoft/tsdoc@https://registry.npmjs.org/@microsoft/tsdoc/-/tsdoc-0.16.0.tgz. Extracting by manifest.
316 silly tarball no local data for @exodus/bytes@https://registry.npmjs.org/@exodus/bytes/-/bytes-1.15.0.tgz. Extracting by manifest.
317 silly tarball no local data for @microsoft/api-extractor@https://registry.npmjs.org/@microsoft/api-extractor/-/api-extractor-7.57.8.tgz. Extracting by manifest.
318 silly tarball no local data for @microsoft/api-extractor-model@https://registry.npmjs.org/@microsoft/api-extractor-model/-/api-extractor-model-7.33.5.tgz. Extracting by manifest.
319 silly tarball no local data for @csstools/css-tokenizer@https://registry.npmjs.org/@csstools/css-tokenizer/-/css-tokenizer-4.0.0.tgz. Extracting by manifest.
320 silly tarball no local data for @types/aria-query@https://registry.npmjs.org/@types/aria-query/-/aria-query-5.0.4.tgz. Extracting by manifest.
321 silly tarball no local data for @csstools/css-parser-algorithms@https://registry.npmjs.org/@csstools/css-parser-algorithms/-/css-parser-algorithms-4.0.0.tgz. Extracting by manifest.
322 silly tarball no local data for @csstools/css-color-parser@https://registry.npmjs.org/@csstools/css-color-parser/-/css-color-parser-4.0.2.tgz. Extracting by manifest.
323 silly tarball no local data for @bramus/specificity@https://registry.npmjs.org/@bramus/specificity/-/specificity-2.4.2.tgz. Extracting by manifest.
324 silly tarball no local data for @csstools/css-syntax-patches-for-csstree@https://registry.npmjs.org/@csstools/css-syntax-patches-for-csstree/-/css-syntax-patches-for-csstree-1.1.2.tgz. Extracting by manifest.
325 silly tarball no local data for @csstools/css-calc@https://registry.npmjs.org/@csstools/css-calc/-/css-calc-3.1.1.tgz. Extracting by manifest.
326 silly tarball no local data for @csstools/color-helpers@https://registry.npmjs.org/@csstools/color-helpers/-/color-helpers-6.0.2.tgz. Extracting by manifest.
327 silly tarball no local data for @babel/runtime@https://registry.npmjs.org/@babel/runtime/-/runtime-7.29.2.tgz. Extracting by manifest.
328 silly tarball no local data for @babel/types@https://registry.npmjs.org/@babel/types/-/types-7.29.0.tgz. Extracting by manifest.
329 silly tarball no local data for @babel/helper-string-parser@https://registry.npmjs.org/@babel/helper-string-parser/-/helper-string-parser-7.27.1.tgz. Extracting by manifest.
330 silly tarball no local data for @babel/parser@https://registry.npmjs.org/@babel/parser/-/parser-7.29.2.tgz. Extracting by manifest.
331 silly tarball no local data for @babel/helper-validator-identifier@https://registry.npmjs.org/@babel/helper-validator-identifier/-/helper-validator-identifier-7.28.5.tgz. Extracting by manifest.
332 silly tarball no local data for @asamuzakjp/nwsapi@https://registry.npmjs.org/@asamuzakjp/nwsapi/-/nwsapi-2.3.9.tgz. Extracting by manifest.
333 silly tarball no local data for @adobe/css-tools@https://registry.npmjs.org/@adobe/css-tools/-/css-tools-4.4.4.tgz. Extracting by manifest.
334 silly tarball no local data for @asamuzakjp/dom-selector@https://registry.npmjs.org/@asamuzakjp/dom-selector/-/dom-selector-7.0.4.tgz. Extracting by manifest.
335 silly tarball no local data for @asamuzakjp/css-color@https://registry.npmjs.org/@asamuzakjp/css-color/-/css-color-5.1.1.tgz. Extracting by manifest.
336 silly tarball no local data for @rolldown/pluginutils@https://registry.npmjs.org/@rolldown/pluginutils/-/pluginutils-1.0.0-rc.12.tgz. Extracting by manifest.
337 silly tarball no local data for entities@https://registry.npmjs.org/entities/-/entities-7.0.1.tgz. Extracting by manifest.
338 silly tarball no local data for dom-accessibility-api@https://registry.npmjs.org/dom-accessibility-api/-/dom-accessibility-api-0.6.3.tgz. Extracting by manifest.
339 silly tarball no local data for estree-walker@https://registry.npmjs.org/estree-walker/-/estree-walker-3.0.3.tgz. Extracting by manifest.
340 silly tarball no local data for confbox@https://registry.npmjs.org/confbox/-/confbox-0.1.8.tgz. Extracting by manifest.
341 silly tarball no local data for pkg-types@https://registry.npmjs.org/pkg-types/-/pkg-types-1.3.1.tgz. Extracting by manifest.
342 silly tarball no local data for yallist@https://registry.npmjs.org/yallist/-/yallist-4.0.0.tgz. Extracting by manifest.
343 silly tarball no local data for semver@https://registry.npmjs.org/semver/-/semver-7.5.4.tgz. Extracting by manifest.
344 silly tarball no local data for lru-cache@https://registry.npmjs.org/lru-cache/-/lru-cache-6.0.0.tgz. Extracting by manifest.
345 silly tarball no local data for @babel/code-frame@https://registry.npmjs.org/@babel/code-frame/-/code-frame-7.29.0.tgz. Extracting by manifest.
346 silly tarball no local data for yallist@https://registry.npmjs.org/yallist/-/yallist-4.0.0.tgz. Extracting by manifest.
347 silly tarball no local data for typescript@https://registry.npmjs.org/typescript/-/typescript-5.8.2.tgz. Extracting by manifest.
348 silly tarball no local data for semver@https://registry.npmjs.org/semver/-/semver-7.5.4.tgz. Extracting by manifest.
349 silly tarball no local data for lru-cache@https://registry.npmjs.org/lru-cache/-/lru-cache-6.0.0.tgz. Extracting by manifest.
350 http fetch POST 200 https://registry.npmjs.org/-/npm/v1/security/advisories/bulk 1850ms
351 timing auditReport:getReport Completed in 1858ms
352 silly audit report {
352 silly audit report   'fast-uri': [
352 silly audit report     {
352 silly audit report       id: 1117884,
352 silly audit report       url: 'https://github.com/advisories/GHSA-v39h-62p7-jpjc',
352 silly audit report       title: 'fast-uri vulnerable to host confusion via percent-encoded authority delimiters',
352 silly audit report       severity: 'high',
352 silly audit report       vulnerable_versions: '<=3.1.1',
352 silly audit report       cwe: [Array],
352 silly audit report       cvss: [Object]
352 silly audit report     },
352 silly audit report     {
352 silly audit report       id: 1117870,
352 silly audit report       url: 'https://github.com/advisories/GHSA-q3j6-qgpj-74h6',
352 silly audit report       title: 'fast-uri vulnerable to path traversal via percent-encoded dot segments',
352 silly audit report       severity: 'high',
352 silly audit report       vulnerable_versions: '<=3.1.0',
352 silly audit report       cwe: [Array],
352 silly audit report       cvss: [Object]
352 silly audit report     }
352 silly audit report   ],
352 silly audit report   lodash: [
352 silly audit report     {
352 silly audit report       id: 1115806,
352 silly audit report       url: 'https://github.com/advisories/GHSA-r5fr-rjxr-66jc',
352 silly audit report       title: 'lodash vulnerable to Code Injection via `_.template` imports key names',
352 silly audit report       severity: 'high',
352 silly audit report       vulnerable_versions: '>=4.0.0 <=4.17.23',
352 silly audit report       cwe: [Array],
352 silly audit report       cvss: [Object]
352 silly audit report     },
352 silly audit report     {
352 silly audit report       id: 1115810,
352 silly audit report       url: 'https://github.com/advisories/GHSA-f23m-r3pf-42rh',
352 silly audit report       title: 'lodash vulnerable to Prototype Pollution via array path bypass in `_.unset` and `_.omit`',
352 silly audit report       severity: 'moderate',
352 silly audit report       vulnerable_versions: '<=4.17.23',
352 silly audit report       cwe: [Array],
352 silly audit report       cvss: [Object]
352 silly audit report     }
352 silly audit report   ],
352 silly audit report   postcss: [
352 silly audit report     {
352 silly audit report       id: 1117015,
352 silly audit report       url: 'https://github.com/advisories/GHSA-qx2v-qp2m-jg93',
352 silly audit report       title: 'PostCSS has XSS via Unescaped </style> in its CSS Stringify Output',
352 silly audit report       severity: 'moderate',
352 silly audit report       vulnerable_versions: '<8.5.10',
352 silly audit report       cwe: [Array],
352 silly audit report       cvss: [Object]
352 silly audit report     }
352 silly audit report   ],
352 silly audit report   vite: [
352 silly audit report     {
352 silly audit report       id: 1116231,
352 silly audit report       url: 'https://github.com/advisories/GHSA-4w7w-66w2-5vf9',
352 silly audit report       title: 'Vite Vulnerable to Path Traversal in Optimized Deps `.map` Handling',
352 silly audit report       severity: 'moderate',
352 silly audit report       vulnerable_versions: '>=8.0.0 <=8.0.4',
352 silly audit report       cwe: [Array],
352 silly audit report       cvss: [Object]
352 silly audit report     },
352 silly audit report     {
352 silly audit report       id: 1116233,
352 silly audit report       url: 'https://github.com/advisories/GHSA-v2wj-q39q-566r',
352 silly audit report       title: 'Vite: `server.fs.deny` bypassed with queries',
352 silly audit report       severity: 'high',
352 silly audit report       vulnerable_versions: '>=8.0.0 <=8.0.4',
352 silly audit report       cwe: [Array],
352 silly audit report       cvss: [Object]
352 silly audit report     },
352 silly audit report     {
352 silly audit report       id: 1116236,
352 silly audit report       url: 'https://github.com/advisories/GHSA-p9ff-h696-f583',
352 silly audit report       title: 'Vite Vulnerable to Arbitrary File Read via Vite Dev Server WebSocket',
352 silly audit report       severity: 'high',
352 silly audit report       vulnerable_versions: '>=8.0.0 <=8.0.4',
352 silly audit report       cwe: [Array],
352 silly audit report       cvss: [Object]
352 silly audit report     }
352 silly audit report   ]
352 silly audit report }
353 timing metavuln:cache:get:security-advisory:fast-uri:eOa7c7ILtYrQRi7Vh70WI0pPtbJX306JIRinfkWw7EszqtCMyh5zDLP+J7GgLnqrHAp+szaZMuWjykheayYbvw== Completed in 682ms
354 timing metavuln:cache:get:security-advisory:fast-uri:QBT+YWg36QlsCGIVyx+qyR2DNhgjC+VCOjRO1zswpjRQn4lFmcf77EeA6ufO4yxSJO9dVgUtRQ76zfsnZLLsHg== Completed in 680ms
355 timing metavuln:cache:get:security-advisory:lodash:DNnxUw8Ep7p1YCAJl4A30HMQmsK3uaHxA5fhfuTpXJUBgCvmZbKGD7OWAcfQ2u+fc9lY6ap1BhHpARF9oEarxQ== Completed in 680ms
356 timing metavuln:cache:get:security-advisory:lodash:thshZSsl03tivWaq68PzU+tj1Rdgd6ZGN992B7QB+2oylByv6bvG8a/FXYANJwK5kybQ7+c0hg18JSj4gYikrg== Completed in 680ms
357 timing metavuln:cache:get:security-advisory:postcss:685RVq5xScaqegAXk2BRJrsMaZmsz1d/volUoA67iVw3AvHhUlX03u+VPRrmo8iuObcSDvuZF+fuiOnLC9L1uA== Completed in 680ms
358 timing metavuln:cache:get:security-advisory:vite:4XUMUtU4wyKMhgaqDs2Hp0cJJM6636/8P9Eb9hVwRPEo6JnYPLOQSY36rgSGM13T+XP0kNzVapgKJfoQeKiZrQ== Completed in 679ms
359 timing metavuln:cache:get:security-advisory:vite:NeQ0v7RHtjbapd/yi4pSCJKImP72n18AvSplKsvN5O7STklhNIJsimXrdT8wxpQ3ixTmPN0WyzyN5JFq3J0DDw== Completed in 678ms
360 timing metavuln:cache:get:security-advisory:vite:fvv/1D7k5nXfS8BBUOCWEhvQoYZoR754JB7acdJuILF5T+bOhgGIndhfhcuvSo3IVc6OhWHbU3kQLoUqJ/6dXw== Completed in 678ms
361 http fetch GET 200 https://registry.npmjs.org/is-potential-custom-element-name/-/is-potential-custom-element-name-1.0.1.tgz 6313ms (cache miss)
362 timing reifyNode:node_modules/is-potential-custom-element-name Completed in 6572ms
363 http fetch GET 200 https://registry.npmjs.org/universalify/-/universalify-2.0.1.tgz 6429ms (cache miss)
364 timing reifyNode:node_modules/universalify Completed in 6601ms
365 http fetch GET 200 https://registry.npmjs.org/strip-indent/-/strip-indent-3.0.0.tgz 6424ms (cache miss)
366 http fetch GET 200 https://registry.npmjs.org/redent/-/redent-3.0.0.tgz 6416ms (cache miss)
367 http fetch GET 200 https://registry.npmjs.org/require-from-string/-/require-from-string-2.0.2.tgz 6419ms (cache miss)
368 timing reifyNode:node_modules/require-from-string Completed in 6617ms
369 http fetch GET 200 https://registry.npmjs.org/tinyrainbow/-/tinyrainbow-3.1.0.tgz 6553ms (cache miss)
370 timing reifyNode:node_modules/strip-indent Completed in 6737ms
371 http fetch GET 200 https://registry.npmjs.org/strip-json-comments/-/strip-json-comments-3.1.1.tgz 6550ms (cache miss)
372 http fetch GET 200 https://registry.npmjs.org/@types/deep-eql/-/deep-eql-4.0.2.tgz 6425ms (cache miss)
373 timing reifyNode:node_modules/@types/deep-eql Completed in 6740ms
374 http fetch GET 200 https://registry.npmjs.org/path-parse/-/path-parse-1.0.7.tgz 6546ms (cache miss)
375 timing reifyNode:node_modules/path-parse Completed in 6760ms
376 http fetch GET 200 https://registry.npmjs.org/indent-string/-/indent-string-4.0.0.tgz 6553ms (cache miss)
377 http fetch GET 200 https://registry.npmjs.org/supports-color/-/supports-color-8.1.1.tgz 6665ms (cache miss)
378 http fetch GET 200 https://registry.npmjs.org/siginfo/-/siginfo-2.0.0.tgz 6657ms (cache miss)
379 timing reifyNode:node_modules/strip-json-comments Completed in 6853ms
380 timing reifyNode:node_modules/redent Completed in 6865ms
381 http fetch GET 200 https://registry.npmjs.org/ms/-/ms-2.1.3.tgz 6738ms (cache miss)
382 timing reifyNode:node_modules/ms Completed in 6959ms
383 http fetch GET 200 https://registry.npmjs.org/import-lazy/-/import-lazy-4.0.0.tgz 6704ms (cache miss)
384 http fetch GET 200 https://registry.npmjs.org/min-indent/-/min-indent-1.0.1.tgz 6741ms (cache miss)
385 timing reifyNode:node_modules/min-indent Completed in 6975ms
386 http fetch GET 200 https://registry.npmjs.org/@types/aria-query/-/aria-query-5.0.4.tgz 6669ms (cache miss)
387 timing reifyNode:node_modules/@types/aria-query Completed in 7002ms
388 timing reifyNode:node_modules/indent-string Completed in 7056ms
389 http fetch GET 200 https://registry.npmjs.org/html-encoding-sniffer/-/html-encoding-sniffer-6.0.0.tgz 6798ms (cache miss)
390 timing reifyNode:node_modules/html-encoding-sniffer Completed in 7058ms
391 http fetch GET 200 https://registry.npmjs.org/webidl-conversions/-/webidl-conversions-8.0.1.tgz 6905ms (cache miss)
392 timing reifyNode:node_modules/webidl-conversions Completed in 7072ms
393 timing reifyNode:node_modules/tinyrainbow Completed in 7082ms
394 timing reifyNode:node_modules/supports-color Completed in 7086ms
395 timing reifyNode:node_modules/import-lazy Completed in 7135ms
396 http fetch GET 200 https://registry.npmjs.org/has-flag/-/has-flag-4.0.0.tgz 6882ms (cache miss)
397 timing reifyNode:node_modules/siginfo Completed in 7155ms
398 http fetch GET 200 https://registry.npmjs.org/lodash 5308ms (cache miss)
399 timing metavuln:packument:lodash Completed in 5311ms
400 timing metavuln:load:security-advisory:lodash:1115806 Completed in 16ms
401 timing metavuln:load:security-advisory:lodash:1115810 Completed in 14ms
402 http fetch GET 200 https://registry.npmjs.org/de-indent/-/de-indent-1.0.2.tgz 6999ms (cache miss)
403 timing reifyNode:node_modules/de-indent Completed in 7281ms
404 timing reifyNode:node_modules/has-flag Completed in 7284ms
405 http fetch GET 200 https://registry.npmjs.org/fast-uri 5454ms (cache miss)
406 timing metavuln:packument:fast-uri Completed in 5457ms
407 timing metavuln:load:security-advisory:fast-uri:1117884 Completed in 1ms
408 timing metavuln:load:security-advisory:fast-uri:1117870 Completed in 2ms
409 http fetch GET 200 https://registry.npmjs.org/stackback/-/stackback-0.0.2.tgz 7180ms (cache miss)
410 http fetch GET 200 https://registry.npmjs.org/picocolors/-/picocolors-1.1.1.tgz 7226ms (cache miss)
411 http fetch GET 200 https://registry.npmjs.org/jsonfile/-/jsonfile-6.2.0.tgz 7206ms (cache miss)
412 http fetch GET 200 https://registry.npmjs.org/w3c-xmlserializer/-/w3c-xmlserializer-5.0.0.tgz 7303ms (cache miss)
413 http fetch GET 200 https://registry.npmjs.org/data-urls/-/data-urls-7.0.0.tgz 7241ms (cache miss)
414 timing reifyNode:node_modules/w3c-xmlserializer Completed in 7546ms
415 timing reifyNode:node_modules/jsonfile Completed in 7590ms
416 timing reifyNode:node_modules/stackback Completed in 7601ms
417 http fetch GET 200 https://registry.npmjs.org/@standard-schema/spec/-/spec-1.1.0.tgz 7292ms (cache miss)
418 timing reifyNode:node_modules/picocolors Completed in 7642ms
419 timing reifyNode:node_modules/data-urls Completed in 7673ms
420 http fetch GET 200 https://registry.npmjs.org/why-is-node-running/-/why-is-node-running-2.3.0.tgz 7591ms (cache miss)
421 http fetch GET 200 https://registry.npmjs.org/string-argv/-/string-argv-0.3.2.tgz 7581ms (cache miss)
422 http fetch GET 200 https://registry.npmjs.org/css.escape/-/css.escape-1.5.1.tgz 7493ms (cache miss)
423 timing reifyNode:node_modules/css.escape Completed in 7775ms
424 timing reifyNode:node_modules/@standard-schema/spec Completed in 7830ms
425 http fetch GET 200 https://registry.npmjs.org/xml-name-validator/-/xml-name-validator-5.0.0.tgz 7803ms (cache miss)
426 timing reifyNode:node_modules/xml-name-validator Completed in 7969ms
427 timing reifyNode:node_modules/why-is-node-running Completed in 8057ms
428 timing reifyNode:node_modules/string-argv Completed in 8078ms
429 http fetch GET 200 https://registry.npmjs.org/punycode/-/punycode-2.3.1.tgz 7878ms (cache miss)
430 timing reifyNode:node_modules/punycode Completed in 8085ms
431 http fetch GET 200 https://registry.npmjs.org/ansi-regex/-/ansi-regex-5.0.1.tgz 7801ms (cache miss)
432 http fetch GET 200 https://registry.npmjs.org/local-pkg/-/local-pkg-1.1.2.tgz 7888ms (cache miss)
433 http fetch GET 200 https://registry.npmjs.org/std-env/-/std-env-4.0.0.tgz 7987ms (cache miss)
434 timing reifyNode:node_modules/std-env Completed in 8175ms
435 http fetch GET 200 https://registry.npmjs.org/js-tokens/-/js-tokens-4.0.0.tgz 7982ms (cache miss)
436 timing reifyNode:node_modules/js-tokens Completed in 8235ms
437 http fetch GET 200 https://registry.npmjs.org/symbol-tree/-/symbol-tree-3.2.4.tgz 8156ms (cache miss)
438 timing reifyNode:node_modules/symbol-tree Completed in 8337ms
439 http fetch GET 200 https://registry.npmjs.org/@oxc-project/types/-/types-0.122.0.tgz 8018ms (cache miss)
440 timing reifyNode:node_modules/@oxc-project/types Completed in 8337ms
441 timing reifyNode:node_modules/ansi-regex Completed in 8350ms
442 http fetch GET 200 https://registry.npmjs.org/assertion-error/-/assertion-error-2.0.1.tgz 8070ms (cache miss)
443 http fetch GET 200 https://registry.npmjs.org/detect-libc/-/detect-libc-2.1.2.tgz 8133ms (cache miss)
444 http fetch GET 200 https://registry.npmjs.org/fdir/-/fdir-6.5.0.tgz 8150ms (cache miss)
445 http fetch GET 200 https://registry.npmjs.org/@babel/helper-string-parser/-/helper-string-parser-7.27.1.tgz 8123ms (cache miss)
446 timing reifyNode:node_modules/@babel/helper-string-parser Completed in 8459ms
447 timing reifyNode:node_modules/local-pkg Completed in 8518ms
448 http fetch GET 200 https://registry.npmjs.org/@asamuzakjp/nwsapi/-/nwsapi-2.3.9.tgz 8195ms (cache miss)
449 timing reifyNode:node_modules/@asamuzakjp/nwsapi Completed in 8535ms
450 timing reifyNode:node_modules/fdir Completed in 8630ms
451 http fetch GET 200 https://registry.npmjs.org/@csstools/css-syntax-patches-for-csstree/-/css-syntax-patches-for-csstree-1.1.2.tgz 8297ms (cache miss)
452 http fetch GET 200 https://registry.npmjs.org/graceful-fs/-/graceful-fs-4.2.11.tgz 8373ms (cache miss)
453 timing reifyNode:node_modules/graceful-fs Completed in 8635ms
454 timing reifyNode:node_modules/assertion-error Completed in 8696ms
455 http fetch GET 200 https://registry.npmjs.org/@csstools/color-helpers/-/color-helpers-6.0.2.tgz 8381ms (cache miss)
456 timing reifyNode:node_modules/@csstools/color-helpers Completed in 8715ms
457 timing reifyNode:node_modules/detect-libc Completed in 8728ms
458 http fetch GET 200 https://registry.npmjs.org/react-is/-/react-is-17.0.2.tgz 8531ms (cache miss)
459 http fetch GET 200 https://registry.npmjs.org/pkg-types/-/pkg-types-2.3.0.tgz 8693ms (cache miss)
460 timing reifyNode:node_modules/pkg-types Completed in 8902ms
461 timing reifyNode:node_modules/@csstools/css-syntax-patches-for-csstree Completed in 8972ms
462 http fetch GET 200 https://registry.npmjs.org/supports-preserve-symlinks-flag/-/supports-preserve-symlinks-flag-1.0.0.tgz 8815ms (cache miss)
463 timing metavuln:cache:put:security-advisory:lodash:thshZSsl03tivWaq68PzU+tj1Rdgd6ZGN992B7QB+2oylByv6bvG8a/FXYANJwK5kybQ7+c0hg18JSj4gYikrg== Completed in 1806ms
464 timing metavuln:calculate:security-advisory:lodash:1115810 Completed in 7150ms
465 http fetch GET 200 https://registry.npmjs.org/obug/-/obug-2.1.1.tgz 8807ms (cache miss)
466 timing reifyNode:node_modules/react-is Completed in 9100ms
467 http fetch GET 200 https://registry.npmjs.org/hasown/-/hasown-2.0.2.tgz 8817ms (cache miss)
468 http fetch GET 200 https://registry.npmjs.org/tinyglobby/-/tinyglobby-0.2.15.tgz 8959ms (cache miss)
469 timing reifyNode:node_modules/tinyglobby Completed in 9146ms
470 http fetch GET 200 https://registry.npmjs.org/@babel/helper-validator-identifier/-/helper-validator-identifier-7.28.5.tgz 8805ms (cache miss)
471 http fetch GET 200 https://registry.npmjs.org/ansi-styles/-/ansi-styles-5.2.0.tgz 8872ms (cache miss)
472 timing reifyNode:node_modules/ansi-styles Completed in 9166ms
473 http fetch GET 200 https://registry.npmjs.org/yallist/-/yallist-4.0.0.tgz 8877ms (cache miss)
474 http fetch GET 200 https://registry.npmjs.org/@types/argparse/-/argparse-1.0.38.tgz 8917ms (cache miss)
475 timing reifyNode:node_modules/@types/argparse Completed in 9229ms
476 http fetch GET 200 https://registry.npmjs.org/@csstools/css-parser-algorithms/-/css-parser-algorithms-4.0.0.tgz 8966ms (cache miss)
477 timing reifyNode:node_modules/@csstools/css-parser-algorithms Completed in 9293ms
478 http fetch GET 200 https://registry.npmjs.org/@csstools/css-color-parser/-/css-color-parser-4.0.2.tgz 8979ms (cache miss)
479 timing reifyNode:node_modules/@csstools/css-color-parser Completed in 9307ms
480 timing metavuln:cache:put:security-advisory:lodash:DNnxUw8Ep7p1YCAJl4A30HMQmsK3uaHxA5fhfuTpXJUBgCvmZbKGD7OWAcfQ2u+fc9lY6ap1BhHpARF9oEarxQ== Completed in 2162ms
481 timing metavuln:calculate:security-advisory:lodash:1115806 Completed in 7490ms
482 timing reifyNode:node_modules/@rushstack/node-core-library/node_modules/yallist Completed in 9388ms
483 http fetch GET 200 https://registry.npmjs.org/exsolve/-/exsolve-1.0.8.tgz 9151ms (cache miss)
484 timing reifyNode:node_modules/exsolve Completed in 9426ms
485 http fetch GET 200 https://registry.npmjs.org/@csstools/css-calc/-/css-calc-3.1.1.tgz 9092ms (cache miss)
486 timing reifyNode:node_modules/@csstools/css-calc Completed in 9425ms
487 timing reifyNode:node_modules/supports-preserve-symlinks-flag Completed in 9502ms
488 timing metavuln:cache:put:security-advisory:fast-uri:eOa7c7ILtYrQRi7Vh70WI0pPtbJX306JIRinfkWw7EszqtCMyh5zDLP+J7GgLnqrHAp+szaZMuWjykheayYbvw== Completed in 2199ms
489 timing metavuln:calculate:security-advisory:fast-uri:1117884 Completed in 7658ms
490 timing metavuln:cache:put:security-advisory:fast-uri:QBT+YWg36QlsCGIVyx+qyR2DNhgjC+VCOjRO1zswpjRQn4lFmcf77EeA6ufO4yxSJO9dVgUtRQ76zfsnZLLsHg== Completed in 2197ms
491 timing metavuln:calculate:security-advisory:fast-uri:1117870 Completed in 7657ms
492 http fetch GET 200 https://registry.npmjs.org/tinyexec/-/tinyexec-1.0.4.tgz 9338ms (cache miss)
493 timing reifyNode:node_modules/tinyexec Completed in 9518ms
494 http fetch GET 200 https://registry.npmjs.org/@csstools/css-tokenizer/-/css-tokenizer-4.0.0.tgz 9191ms (cache miss)
495 timing reifyNode:node_modules/@csstools/css-tokenizer Completed in 9517ms
496 http fetch GET 200 https://registry.npmjs.org/convert-source-map/-/convert-source-map-2.0.0.tgz 9241ms (cache miss)
497 timing reifyNode:node_modules/convert-source-map Completed in 9526ms
498 timing reifyNode:node_modules/obug Completed in 9530ms
499 http fetch GET 200 https://registry.npmjs.org/yallist/-/yallist-4.0.0.tgz 9241ms (cache miss)
500 timing reifyNode:node_modules/@microsoft/api-extractor/node_modules/yallist Completed in 9594ms
501 timing reifyNode:node_modules/hasown Completed in 9610ms
502 http fetch GET 200 https://registry.npmjs.org/tinybench/-/tinybench-2.9.0.tgz 9442ms (cache miss)
503 timing reifyNode:node_modules/tinybench Completed in 9623ms
504 timing reifyNode:node_modules/@babel/helper-validator-identifier Completed in 9623ms
505 http fetch GET 200 https://registry.npmjs.org/@rollup/pluginutils/-/pluginutils-5.3.0.tgz 9306ms (cache miss)
506 http fetch GET 200 https://registry.npmjs.org/@vitest/pretty-format/-/pretty-format-4.1.2.tgz 9336ms (cache miss)
507 http fetch GET 200 https://registry.npmjs.org/lru-cache/-/lru-cache-6.0.0.tgz 9347ms (cache miss)
508 timing reifyNode:node_modules/@rushstack/node-core-library/node_modules/lru-cache Completed in 9695ms
509 http fetch GET 200 https://registry.npmjs.org/fast-deep-equal/-/fast-deep-equal-3.1.3.tgz 9468ms (cache miss)
510 http fetch GET 200 https://registry.npmjs.org/@types/estree/-/estree-1.0.8.tgz 9552ms (cache miss)
511 timing reifyNode:node_modules/@types/estree Completed in 9863ms
512 timing reifyNode:node_modules/@vitest/pretty-format Completed in 9865ms
513 http fetch GET 200 https://registry.npmjs.org/dequal/-/dequal-2.0.3.tgz 9654ms (cache miss)
514 timing reifyNode:node_modules/@rollup/pluginutils Completed in 9940ms
515 timing reifyNode:node_modules/fast-deep-equal Completed in 10026ms
516 http fetch GET 200 https://registry.npmjs.org/lru-cache/-/lru-cache-6.0.0.tgz 9843ms (cache miss)
517 timing reifyNode:node_modules/@microsoft/api-extractor/node_modules/lru-cache Completed in 10199ms
518 http fetch GET 200 https://registry.npmjs.org/is-core-module/-/is-core-module-2.16.1.tgz 9956ms (cache miss)
519 timing reifyNode:node_modules/is-core-module Completed in 10212ms
520 timing reifyNode:node_modules/dequal Completed in 10226ms
521 http fetch GET 200 https://registry.npmjs.org/whatwg-mimetype/-/whatwg-mimetype-5.0.0.tgz 10137ms (cache miss)
522 timing reifyNode:node_modules/whatwg-mimetype Completed in 10303ms
523 http fetch GET 200 https://registry.npmjs.org/@vitest/spy/-/spy-4.1.2.tgz 10024ms (cache miss)
524 timing reifyNode:node_modules/@vitest/spy Completed in 10331ms
525 http fetch GET 200 https://registry.npmjs.org/function-bind/-/function-bind-1.1.2.tgz 10093ms (cache miss)
526 timing reifyNode:node_modules/function-bind Completed in 10416ms
527 http fetch GET 200 https://registry.npmjs.org/json-schema-traverse/-/json-schema-traverse-1.0.0.tgz 10328ms (cache miss)
528 http fetch GET 200 https://registry.npmjs.org/debug/-/debug-4.4.3.tgz 10311ms (cache miss)
529 timing reifyNode:node_modules/debug Completed in 10594ms
530 http fetch GET 200 https://registry.npmjs.org/@types/chai/-/chai-5.2.3.tgz 10332ms (cache miss)
531 timing reifyNode:node_modules/@types/chai Completed in 10644ms
532 http fetch GET 200 https://registry.npmjs.org/saxes/-/saxes-6.0.0.tgz 10521ms (cache miss)
533 timing reifyNode:node_modules/saxes Completed in 10714ms
534 timing reifyNode:node_modules/json-schema-traverse Completed in 10814ms
535 http fetch GET 200 https://registry.npmjs.org/@vitejs/plugin-react/-/plugin-react-6.0.1.tgz 10553ms (cache miss)
536 http fetch GET 200 https://registry.npmjs.org/@babel/code-frame/-/code-frame-7.29.0.tgz 10601ms (cache miss)
537 timing reifyNode:node_modules/@babel/code-frame Completed in 10948ms
538 http fetch GET 200 https://registry.npmjs.org/chai/-/chai-6.2.2.tgz 10730ms (cache miss)
539 timing reifyNode:node_modules/@vitejs/plugin-react Completed in 11013ms
540 http fetch GET 200 https://registry.npmjs.org/@volar/source-map/-/source-map-2.4.28.tgz 10712ms (cache miss)
541 http fetch GET 200 https://registry.npmjs.org/pkg-types/-/pkg-types-1.3.1.tgz 10684ms (cache miss)
542 http fetch GET 200 https://registry.npmjs.org/ufo/-/ufo-1.6.3.tgz 10893ms (cache miss)
543 timing reifyNode:node_modules/ufo Completed in 11065ms
544 http fetch GET 200 https://registry.npmjs.org/he/-/he-1.2.0.tgz 10837ms (cache miss)
545 timing reifyNode:node_modules/he Completed in 11097ms
546 timing reifyNode:node_modules/chai Completed in 11130ms
547 timing reifyNode:node_modules/mlly/node_modules/pkg-types Completed in 11150ms
548 timing reifyNode:node_modules/@volar/source-map Completed in 11170ms
549 http fetch GET 200 https://registry.npmjs.org/vite-plugin-dts/-/vite-plugin-dts-4.5.4.tgz 11051ms (cache miss)
550 timing reifyNode:node_modules/vite-plugin-dts Completed in 11220ms
551 http fetch GET 200 https://registry.npmjs.org/scheduler/-/scheduler-0.27.0.tgz 11024ms (cache miss)
552 http fetch GET 200 https://registry.npmjs.org/@rolldown/pluginutils/-/pluginutils-1.0.0-rc.7.tgz 10889ms (cache miss)
553 http fetch GET 200 https://registry.npmjs.org/@microsoft/tsdoc-config/-/tsdoc-config-0.18.1.tgz 10897ms (cache miss)
554 http fetch GET 200 https://registry.npmjs.org/postcss 9417ms (cache miss)
555 timing metavuln:packument:postcss Completed in 9432ms
556 timing metavuln:load:security-advisory:postcss:1117015 Completed in 15ms
557 http fetch GET 200 https://registry.npmjs.org/@volar/language-core/-/language-core-2.4.28.tgz 11019ms (cache miss)
558 http fetch GET 200 https://registry.npmjs.org/kolorist/-/kolorist-1.8.0.tgz 11090ms (cache miss)
559 timing reifyNode:node_modules/kolorist Completed in 11341ms
560 timing reifyNode:node_modules/@microsoft/tsdoc-config Completed in 11344ms
561 http fetch GET 200 https://registry.npmjs.org/estree-walker/-/estree-walker-3.0.3.tgz 11015ms (cache miss)
562 http fetch GET 200 https://registry.npmjs.org/@vitest/expect/-/expect-4.1.2.tgz 11055ms (cache miss)
563 timing reifyNode:node_modules/@vitest/expect Completed in 11364ms
564 http fetch GET 200 https://registry.npmjs.org/es-module-lexer/-/es-module-lexer-2.0.0.tgz 11114ms (cache miss)
565 timing reifyNode:node_modules/es-module-lexer Completed in 11383ms
566 timing reifyNode:node_modules/scheduler Completed in 11393ms
567 timing reifyNode:node_modules/@rolldown/pluginutils Completed in 11386ms
568 http fetch GET 200 https://registry.npmjs.org/picomatch/-/picomatch-4.0.4.tgz 11186ms (cache miss)
569 timing reifyNode:node_modules/picomatch Completed in 11397ms
570 http fetch GET 200 https://registry.npmjs.org/@emnapi/wasi-threads/-/wasi-threads-1.2.1.tgz 11279ms (cache miss)
571 timing reifyNode:node_modules/@volar/language-core Completed in 11439ms
572 http fetch GET 200 https://registry.npmjs.org/pathe/-/pathe-2.0.3.tgz 11256ms (cache miss)
573 http fetch GET 200 https://registry.npmjs.org/sprintf-js/-/sprintf-js-1.0.3.tgz 11308ms (cache miss)
574 http fetch GET 200 https://registry.npmjs.org/tslib/-/tslib-2.8.1.tgz 11301ms (cache miss)
575 timing reifyNode:node_modules/tslib Completed in 11499ms
576 timing reifyNode:node_modules/@vitest/mocker/node_modules/estree-walker Completed in 11521ms
577 http fetch GET 200 https://registry.npmjs.org/tr46/-/tr46-6.0.0.tgz 11373ms (cache miss)
578 timing reifyNode:node_modules/@emnapi/wasi-threads Completed in 11549ms
579 timing reifyNode:node_modules/tr46 Completed in 11552ms
580 http fetch GET 200 https://registry.npmjs.org/balanced-match/-/balanced-match-4.0.4.tgz 11271ms (cache miss)
581 http fetch GET 200 https://registry.npmjs.org/jju/-/jju-1.4.0.tgz 11331ms (cache miss)
582 timing reifyNode:node_modules/jju Completed in 11586ms
583 timing reifyNode:node_modules/sprintf-js Completed in 11597ms
584 http fetch GET 200 https://registry.npmjs.org/@vitest/snapshot/-/snapshot-4.1.2.tgz 11295ms (cache miss)
585 timing reifyNode:node_modules/pathe Completed in 11633ms
586 http fetch GET 200 https://registry.npmjs.org/mlly/-/mlly-1.8.2.tgz 11413ms (cache miss)
587 timing reifyNode:node_modules/mlly Completed in 11635ms
588 http fetch GET 200 https://registry.npmjs.org/@vue/shared/-/shared-3.5.31.tgz 11368ms (cache miss)
589 timing reifyNode:node_modules/@vue/shared Completed in 11674ms
590 http fetch GET 200 https://registry.npmjs.org/quansync/-/quansync-0.2.11.tgz 11491ms (cache miss)
591 http fetch GET 200 https://registry.npmjs.org/brace-expansion/-/brace-expansion-5.0.5.tgz 11438ms (cache miss)
592 timing reifyNode:node_modules/balanced-match Completed in 11728ms
593 timing reifyNode:node_modules/@vitest/snapshot Completed in 11759ms
594 http fetch GET 200 https://registry.npmjs.org/decimal.js/-/decimal.js-10.6.0.tgz 11496ms (cache miss)
595 timing reifyNode:node_modules/decimal.js Completed in 11775ms
596 timing reifyNode:node_modules/quansync Completed in 11801ms
597 timing reifyNode:node_modules/brace-expansion Completed in 11827ms
598 http fetch GET 200 https://registry.npmjs.org/ajv-formats/-/ajv-formats-3.0.1.tgz 11734ms (cache miss)
599 http fetch GET 200 https://registry.npmjs.org/@rushstack/problem-matcher/-/problem-matcher-0.2.1.tgz 11756ms (cache miss)
600 http fetch GET 200 https://registry.npmjs.org/path-browserify/-/path-browserify-1.0.1.tgz 11817ms (cache miss)
601 timing reifyNode:node_modules/ajv-formats Completed in 12198ms
602 http fetch GET 200 https://registry.npmjs.org/expect-type/-/expect-type-1.3.0.tgz 11951ms (cache miss)
603 timing reifyNode:node_modules/expect-type Completed in 12225ms
604 timing metavuln:cache:put:security-advisory:postcss:685RVq5xScaqegAXk2BRJrsMaZmsz1d/volUoA67iVw3AvHhUlX03u+VPRrmo8iuObcSDvuZF+fuiOnLC9L1uA== Completed in 988ms
605 timing metavuln:calculate:security-advisory:postcss:1117015 Completed in 10437ms
606 http fetch GET 200 https://registry.npmjs.org/whatwg-url/-/whatwg-url-16.0.1.tgz 12124ms (cache miss)
607 timing reifyNode:node_modules/whatwg-url Completed in 12289ms
608 timing reifyNode:node_modules/@rushstack/problem-matcher Completed in 12296ms
609 http fetch GET 200 https://registry.npmjs.org/@rolldown/pluginutils/-/pluginutils-1.0.0-rc.12.tgz 11967ms (cache miss)
610 timing reifyNode:node_modules/path-browserify Completed in 12326ms
611 http fetch GET 200 https://registry.npmjs.org/xmlchars/-/xmlchars-2.2.0.tgz 12173ms (cache miss)
612 timing reifyNode:node_modules/xmlchars Completed in 12335ms
613 http fetch GET 200 https://registry.npmjs.org/estree-walker/-/estree-walker-2.0.2.tgz 12156ms (cache miss)
614 timing reifyNode:node_modules/estree-walker Completed in 12426ms
615 timing reifyNode:node_modules/rolldown/node_modules/@rolldown/pluginutils Completed in 12468ms
616 http fetch GET 200 https://registry.npmjs.org/@adobe/css-tools/-/css-tools-4.4.4.tgz 12186ms (cache miss)
617 timing reifyNode:node_modules/@adobe/css-tools Completed in 12525ms
618 http fetch GET 200 https://registry.npmjs.org/lz-string/-/lz-string-1.5.0.tgz 12402ms (cache miss)
619 http fetch GET 200 https://registry.npmjs.org/@types/react-dom/-/react-dom-19.2.3.tgz 12369ms (cache miss)
620 timing reifyNode:node_modules/@types/react-dom Completed in 12679ms
621 timing reifyNode:node_modules/lz-string Completed in 12762ms
622 http fetch GET 200 https://registry.npmjs.org/magic-string/-/magic-string-0.30.21.tgz 12567ms (cache miss)
623 timing reifyNode:node_modules/magic-string Completed in 12809ms
624 http fetch GET 200 https://registry.npmjs.org/source-map-js/-/source-map-js-1.2.1.tgz 12709ms (cache miss)
625 timing reifyNode:node_modules/source-map-js Completed in 12897ms
626 http fetch GET 200 https://registry.npmjs.org/nanoid/-/nanoid-3.3.11.tgz 12751ms (cache miss)
627 http fetch GET 200 https://registry.npmjs.org/@asamuzakjp/dom-selector/-/dom-selector-7.0.4.tgz 12621ms (cache miss)
628 timing reifyNode:node_modules/@asamuzakjp/dom-selector Completed in 12961ms
629 http fetch GET 200 https://registry.npmjs.org/@vitest/runner/-/runner-4.1.2.tgz 12707ms (cache miss)
630 timing reifyNode:node_modules/nanoid Completed in 13081ms
631 timing reifyNode:node_modules/@vitest/runner Completed in 13093ms
632 http fetch GET 200 https://registry.npmjs.org/vscode-uri/-/vscode-uri-3.1.0.tgz 13102ms (cache miss)
633 http fetch GET 200 https://registry.npmjs.org/@vue/compiler-vue2/-/compiler-vue2-2.7.16.tgz 13014ms (cache miss)
634 http fetch GET 200 https://registry.npmjs.org/@emnapi/runtime/-/runtime-1.10.0.tgz 13167ms (cache miss)
635 timing reifyNode:node_modules/vscode-uri Completed in 13332ms
636 timing reifyNode:node_modules/@emnapi/runtime Completed in 13649ms
637 timing reifyNode:node_modules/@vue/compiler-vue2 Completed in 14132ms
638 http fetch GET 200 https://registry.npmjs.org/pretty-format/-/pretty-format-27.5.1.tgz 13993ms (cache miss)
639 http fetch GET 200 https://registry.npmjs.org/@jridgewell/sourcemap-codec/-/sourcemap-codec-1.5.5.tgz 13879ms (cache miss)
640 http fetch GET 200 https://registry.npmjs.org/lightningcss/-/lightningcss-1.32.0.tgz 13983ms (cache miss)
641 timing reifyNode:node_modules/lightningcss Completed in 14232ms
642 timing reifyNode:node_modules/pretty-format Completed in 14248ms
643 timing reifyNode:node_modules/@jridgewell/sourcemap-codec Completed in 14249ms
644 http fetch GET 200 https://registry.npmjs.org/muggle-string/-/muggle-string-0.4.1.tgz 14092ms (cache miss)
645 http fetch GET 200 https://registry.npmjs.org/tough-cookie/-/tough-cookie-6.0.1.tgz 14157ms (cache miss)
646 timing reifyNode:node_modules/tough-cookie Completed in 14330ms
647 http fetch GET 200 https://registry.npmjs.org/bidi-js/-/bidi-js-1.0.3.tgz 14046ms (cache miss)
648 timing reifyNode:node_modules/bidi-js Completed in 14337ms
649 http fetch GET 200 https://registry.npmjs.org/acorn/-/acorn-8.16.0.tgz 14076ms (cache miss)
650 timing reifyNode:node_modules/acorn Completed in 14373ms
651 timing reifyNode:node_modules/muggle-string Completed in 14380ms
652 http fetch GET 200 https://registry.npmjs.org/@types/react/-/react-19.2.14.tgz 14134ms (cache miss)
653 timing reifyNode:node_modules/@types/react Completed in 14445ms
654 http fetch GET 200 https://registry.npmjs.org/@rushstack/rig-package/-/rig-package-0.7.2.tgz 14161ms (cache miss)
655 timing reifyNode:node_modules/@rushstack/rig-package Completed in 14481ms
656 http fetch GET 200 https://registry.npmjs.org/csstype/-/csstype-3.2.3.tgz 14244ms (cache miss)
657 timing reifyNode:node_modules/csstype Completed in 14527ms
658 http fetch GET 200 https://registry.npmjs.org/react/-/react-19.2.4.tgz 14401ms (cache miss)
659 timing reifyNode:node_modules/react Completed in 14607ms
660 http fetch GET 200 https://registry.npmjs.org/compare-versions/-/compare-versions-6.1.1.tgz 14324ms (cache miss)
661 http fetch GET 200 https://registry.npmjs.org/@vue/compiler-dom/-/compiler-dom-3.5.31.tgz 14320ms (cache miss)
662 http fetch GET 200 https://registry.npmjs.org/@vue/compiler-core/-/compiler-core-3.5.31.tgz 14344ms (cache miss)
663 timing reifyNode:node_modules/@vue/compiler-core Completed in 14646ms
664 timing reifyNode:node_modules/compare-versions Completed in 14655ms
665 http fetch GET 200 https://registry.npmjs.org/ajv-draft-04/-/ajv-draft-04-1.0.0.tgz 14370ms (cache miss)
666 timing reifyNode:node_modules/@vue/compiler-dom Completed in 14672ms
667 timing reifyNode:node_modules/ajv-draft-04 Completed in 14711ms
668 http fetch GET 200 https://registry.npmjs.org/argparse/-/argparse-1.0.10.tgz 14455ms (cache miss)
669 timing reifyNode:node_modules/argparse Completed in 14750ms
670 http fetch GET 200 https://registry.npmjs.org/alien-signals/-/alien-signals-0.4.14.tgz 14561ms (cache miss)
671 http fetch GET 200 https://registry.npmjs.org/confbox/-/confbox-0.2.4.tgz 14622ms (cache miss)
672 timing reifyNode:node_modules/confbox Completed in 14909ms
673 timing reifyNode:node_modules/alien-signals Completed in 14912ms
674 http fetch GET 200 https://registry.npmjs.org/fast-uri/-/fast-uri-3.1.0.tgz 14726ms (cache miss)
675 timing reifyNode:node_modules/fast-uri Completed in 14992ms
676 http fetch GET 200 https://registry.npmjs.org/@bramus/specificity/-/specificity-2.4.2.tgz 14658ms (cache miss)
677 timing reifyNode:node_modules/@bramus/specificity Completed in 14986ms
678 http fetch GET 200 https://registry.npmjs.org/@testing-library/react/-/react-16.3.2.tgz 14681ms (cache miss)
679 http fetch GET 200 https://registry.npmjs.org/fs-extra/-/fs-extra-11.3.4.tgz 14736ms (cache miss)
680 timing reifyNode:node_modules/fs-extra Completed in 15001ms
681 timing reifyNode:node_modules/@testing-library/react Completed in 15011ms
682 http fetch GET 200 https://registry.npmjs.org/mdn-data/-/mdn-data-2.27.1.tgz 14915ms (cache miss)
683 timing reifyNode:node_modules/mdn-data Completed in 15184ms
684 http fetch GET 200 https://registry.npmjs.org/@vitest/mocker/-/mocker-4.1.2.tgz 14881ms (cache miss)
685 http fetch GET 200 https://registry.npmjs.org/source-map/-/source-map-0.6.1.tgz 15009ms (cache miss)
686 timing reifyNode:node_modules/source-map Completed in 15200ms
687 timing reifyNode:node_modules/@vitest/mocker Completed in 15227ms
688 http fetch GET 200 https://registry.npmjs.org/lru-cache/-/lru-cache-11.2.7.tgz 15033ms (cache miss)
689 timing reifyNode:node_modules/lru-cache Completed in 15280ms
690 http fetch GET 200 https://registry.npmjs.org/@vitest/utils/-/utils-4.1.2.tgz 15100ms (cache miss)
691 timing reifyNode:node_modules/@vitest/utils Completed in 15407ms
692 http fetch GET 200 https://registry.npmjs.org/parse5/-/parse5-8.0.0.tgz 15184ms (cache miss)
693 timing reifyNode:node_modules/parse5 Completed in 15468ms
694 http fetch GET 200 https://registry.npmjs.org/@babel/parser/-/parser-7.29.2.tgz 15240ms (cache miss)
695 timing reifyNode:node_modules/@babel/parser Completed in 15660ms
696 http fetch GET 200 https://registry.npmjs.org/@testing-library/jest-dom/-/jest-dom-6.9.1.tgz 15399ms (cache miss)
697 http fetch GET 200 https://registry.npmjs.org/@emnapi/core/-/core-1.10.0.tgz 15580ms (cache miss)
698 http fetch GET 200 https://registry.npmjs.org/vite 13902ms (cache miss)
699 timing metavuln:packument:vite Completed in 13980ms
700 timing metavuln:load:security-advisory:vite:1116231 Completed in 57ms
701 timing metavuln:load:security-advisory:vite:1116233 Completed in 27ms
702 timing metavuln:load:security-advisory:vite:1116236 Completed in 31ms
703 timing reifyNode:node_modules/@testing-library/jest-dom Completed in 15954ms
704 timing reifyNode:node_modules/@emnapi/core Completed in 15968ms
705 http fetch GET 200 https://registry.npmjs.org/confbox/-/confbox-0.1.8.tgz 15666ms (cache miss)
706 timing reifyNode:node_modules/mlly/node_modules/confbox Completed in 16062ms
707 http fetch GET 200 https://registry.npmjs.org/@volar/typescript/-/typescript-2.4.28.tgz 15808ms (cache miss)
708 timing reifyNode:node_modules/@volar/typescript Completed in 16106ms
709 timing metavuln:cache:put:security-advisory:vite:NeQ0v7RHtjbapd/yi4pSCJKImP72n18AvSplKsvN5O7STklhNIJsimXrdT8wxpQ3ixTmPN0WyzyN5JFq3J0DDw== Completed in 236ms
710 timing metavuln:calculate:security-advisory:vite:1116233 Completed in 14301ms
711 timing metavuln:cache:put:security-advisory:vite:fvv/1D7k5nXfS8BBUOCWEhvQoYZoR754JB7acdJuILF5T+bOhgGIndhfhcuvSo3IVc6OhWHbU3kQLoUqJ/6dXw== Completed in 204ms
712 timing metavuln:calculate:security-advisory:vite:1116236 Completed in 14300ms
713 timing metavuln:cache:put:security-advisory:vite:4XUMUtU4wyKMhgaqDs2Hp0cJJM6636/8P9Eb9hVwRPEo6JnYPLOQSY36rgSGM13T+XP0kNzVapgKJfoQeKiZrQ== Completed in 272ms
714 timing metavuln:calculate:security-advisory:vite:1116231 Completed in 14310ms
715 timing metavuln:cache:get:security-advisory:ajv:2535IqL4tCqU5OyaVN8dtTwacs4Q4tjoVK1YJqNyqo3Zo1N9irq8HdJDgbLflCvcCQRHirUXC4wAIobYvCKBjw== Completed in 11ms
716 http fetch GET 200 https://registry.npmjs.org/semver/-/semver-7.5.4.tgz 16049ms (cache miss)
717 timing reifyNode:node_modules/@rushstack/node-core-library/node_modules/semver Completed in 16397ms
718 http fetch GET 200 https://registry.npmjs.org/semver/-/semver-7.5.4.tgz 16068ms (cache miss)
719 timing reifyNode:node_modules/@microsoft/api-extractor/node_modules/semver Completed in 16422ms
720 http fetch GET 200 https://registry.npmjs.org/postcss/-/postcss-8.5.8.tgz 16222ms (cache miss)
721 timing reifyNode:node_modules/postcss Completed in 16435ms
722 http fetch GET 200 https://registry.npmjs.org/@tybys/wasm-util/-/wasm-util-0.10.1.tgz 16175ms (cache miss)
723 timing reifyNode:node_modules/@tybys/wasm-util Completed in 16527ms
724 http fetch GET 200 https://registry.npmjs.org/minimatch/-/minimatch-10.2.5.tgz 16368ms (cache miss)
725 http fetch GET 200 https://registry.npmjs.org/rolldown/-/rolldown-1.0.0-rc.12.tgz 16416ms (cache miss)
726 timing reifyNode:node_modules/minimatch Completed in 16619ms
727 timing reifyNode:node_modules/rolldown Completed in 16629ms
728 http fetch GET 200 https://registry.npmjs.org/dom-accessibility-api/-/dom-accessibility-api-0.5.16.tgz 16470ms (cache miss)
729 timing reifyNode:node_modules/dom-accessibility-api Completed in 16776ms
730 http fetch GET 200 https://registry.npmjs.org/@asamuzakjp/css-color/-/css-color-5.1.1.tgz 16494ms (cache miss)
731 timing reifyNode:node_modules/@asamuzakjp/css-color Completed in 16854ms
732 http fetch GET 200 https://registry.npmjs.org/ajv 752ms (cache miss)
733 timing metavuln:packument:ajv Completed in 771ms
734 timing metavuln:load:security-advisory:ajv:eOa7c7ILtYrQRi7Vh70WI0pPtbJX306JIRinfkWw7EszqtCMyh5zDLP+J7GgLnqrHAp+szaZMuWjykheayYbvw== Completed in 36ms
735 timing metavuln:cache:put:security-advisory:ajv:2535IqL4tCqU5OyaVN8dtTwacs4Q4tjoVK1YJqNyqo3Zo1N9irq8HdJDgbLflCvcCQRHirUXC4wAIobYvCKBjw== Completed in 186ms
736 timing metavuln:calculate:security-advisory:ajv:eOa7c7ILtYrQRi7Vh70WI0pPtbJX306JIRinfkWw7EszqtCMyh5zDLP+J7GgLnqrHAp+szaZMuWjykheayYbvw== Completed in 994ms
737 timing metavuln:cache:get:security-advisory:@microsoft/api-extractor:TUvwypSiYh8C7kY5kKwwfEDmcGsgC+u0phb99okc8HR+vHGXpPdiJ3xAhd9x1YA28NsApZN5AgcS4fYOxUjDEw== Completed in 21ms
738 http fetch GET 200 https://registry.npmjs.org/dom-accessibility-api/-/dom-accessibility-api-0.6.3.tgz 16910ms (cache miss)
739 timing reifyNode:node_modules/@testing-library/jest-dom/node_modules/dom-accessibility-api Completed in 17276ms
740 http fetch GET 200 https://registry.npmjs.org/@exodus/bytes/-/bytes-1.15.0.tgz 17151ms (cache miss)
741 http fetch GET 200 https://registry.npmjs.org/vite/-/vite-8.0.3.tgz 17334ms (cache miss)
742 timing reifyNode:node_modules/@exodus/bytes Completed in 17522ms
743 timing reifyNode:node_modules/vite Completed in 17536ms
744 http fetch GET 200 https://registry.npmjs.org/tldts-core/-/tldts-core-7.0.27.tgz 17430ms (cache miss)
745 timing reifyNode:node_modules/tldts-core Completed in 17609ms
746 http fetch GET 200 https://registry.npmjs.org/tldts/-/tldts-7.0.27.tgz 17626ms (cache miss)
747 timing reifyNode:node_modules/tldts Completed in 17830ms
748 http fetch GET 200 https://registry.npmjs.org/@testing-library/dom/-/dom-10.4.1.tgz 17643ms (cache miss)
749 timing reifyNode:node_modules/@testing-library/dom Completed in 17974ms
750 http fetch GET 200 https://registry.npmjs.org/entities/-/entities-6.0.1.tgz 17887ms (cache miss)
751 timing reifyNode:node_modules/entities Completed in 18184ms
752 http fetch GET 200 https://registry.npmjs.org/@microsoft%2fapi-extractor 1169ms (cache miss)
753 timing metavuln:packument:@microsoft/api-extractor Completed in 1196ms
754 timing metavuln:load:security-advisory:@microsoft/api-extractor:DNnxUw8Ep7p1YCAJl4A30HMQmsK3uaHxA5fhfuTpXJUBgCvmZbKGD7OWAcfQ2u+fc9lY6ap1BhHpARF9oEarxQ== Completed in 133ms
755 http fetch GET 200 https://registry.npmjs.org/@napi-rs/wasm-runtime/-/wasm-runtime-1.1.2.tgz 18179ms (cache miss)
756 timing reifyNode:node_modules/@napi-rs/wasm-runtime Completed in 18499ms
757 timing metavuln:cache:put:security-advisory:@microsoft/api-extractor:TUvwypSiYh8C7kY5kKwwfEDmcGsgC+u0phb99okc8HR+vHGXpPdiJ3xAhd9x1YA28NsApZN5AgcS4fYOxUjDEw== Completed in 133ms
758 timing metavuln:calculate:security-advisory:@microsoft/api-extractor:DNnxUw8Ep7p1YCAJl4A30HMQmsK3uaHxA5fhfuTpXJUBgCvmZbKGD7OWAcfQ2u+fc9lY6ap1BhHpARF9oEarxQ== Completed in 1465ms
759 timing metavuln:cache:get:security-advisory:vite:anAQVIv9ku7SlSaOcqOIP5rn3R+PQqZRf2y4CHP3RuDjlGzMadSoRFi0ZZoT4by8hMtVpmy7xPCXBY2D5grCIA== Completed in 9ms
760 timing metavuln:load:security-advisory:vite:685RVq5xScaqegAXk2BRJrsMaZmsz1d/volUoA67iVw3AvHhUlX03u+VPRrmo8iuObcSDvuZF+fuiOnLC9L1uA== Completed in 250ms
761 timing metavuln:cache:put:security-advisory:vite:anAQVIv9ku7SlSaOcqOIP5rn3R+PQqZRf2y4CHP3RuDjlGzMadSoRFi0ZZoT4by8hMtVpmy7xPCXBY2D5grCIA== Completed in 148ms
762 timing metavuln:calculate:security-advisory:vite:685RVq5xScaqegAXk2BRJrsMaZmsz1d/volUoA67iVw3AvHhUlX03u+VPRrmo8iuObcSDvuZF+fuiOnLC9L1uA== Completed in 407ms
763 timing metavuln:cache:get:security-advisory:@vitejs/plugin-react:G9Ntk7g16IZmVy50oO9qCYc1k0QWLxVkSy6vYGOtOQpuB4/GSx4testIOKPubcmvgKxGd25LD6PgD6MfVRTVYg== Completed in 15ms
764 timing metavuln:cache:get:security-advisory:@vitest/mocker:pqZByh1CB332hjK1vL44HbVwigcqoABE3YbJNsvy0awfZaZt/x4U4yBOzS/cYRWu0XDPNCYIKxDXg4s85m4AkA== Completed in 13ms
765 timing metavuln:cache:get:security-advisory:vite-plugin-dts:crpCJiy+/Ke3AyoY5s8WFR8naxiTTm/pFHzvZp24S/zl0kcEvXvlKsPy1jbuCcJAQu8l6AJWZrshG8imSOAR7g== Completed in 10ms
766 timing metavuln:cache:get:security-advisory:vitest:DfmsQJDzdWZxXMs3teZw3ulM4axVwHnwRp5vxl7vzOEztWJKg5tuEUTyepbLfp5E+/tI7mKceRHqZ++B0OKdOQ== Completed in 7ms
767 http fetch GET 200 https://registry.npmjs.org/resolve/-/resolve-1.22.11.tgz 18936ms (cache miss)
768 timing reifyNode:node_modules/resolve Completed in 19148ms
769 http fetch GET 200 https://registry.npmjs.org/entities/-/entities-7.0.1.tgz 19186ms (cache miss)
770 timing reifyNode:node_modules/@vue/compiler-core/node_modules/entities Completed in 19559ms
771 http fetch GET 200 https://registry.npmjs.org/@vitest%2fmocker 707ms (cache miss)
772 timing metavuln:packument:@vitest/mocker Completed in 715ms
773 timing metavuln:load:security-advisory:@vitest/mocker:4XUMUtU4wyKMhgaqDs2Hp0cJJM6636/8P9Eb9hVwRPEo6JnYPLOQSY36rgSGM13T+XP0kNzVapgKJfoQeKiZrQ== Completed in 95ms
774 http fetch GET 200 https://registry.npmjs.org/vite-plugin-dts 924ms (cache miss)
775 timing metavuln:packument:vite-plugin-dts Completed in 937ms
776 timing metavuln:load:security-advisory:vite-plugin-dts:4XUMUtU4wyKMhgaqDs2Hp0cJJM6636/8P9Eb9hVwRPEo6JnYPLOQSY36rgSGM13T+XP0kNzVapgKJfoQeKiZrQ== Completed in 21ms
777 http fetch GET 200 https://registry.npmjs.org/@vue/language-core/-/language-core-2.2.0.tgz 19716ms (cache miss)
778 http fetch GET 200 https://registry.npmjs.org/@vitejs%2fplugin-react 990ms (cache miss)
779 timing metavuln:packument:@vitejs/plugin-react Completed in 994ms
780 timing metavuln:load:security-advisory:@vitejs/plugin-react:4XUMUtU4wyKMhgaqDs2Hp0cJJM6636/8P9Eb9hVwRPEo6JnYPLOQSY36rgSGM13T+XP0kNzVapgKJfoQeKiZrQ== Completed in 117ms
781 timing metavuln:cache:put:security-advisory:@vitest/mocker:pqZByh1CB332hjK1vL44HbVwigcqoABE3YbJNsvy0awfZaZt/x4U4yBOzS/cYRWu0XDPNCYIKxDXg4s85m4AkA== Completed in 318ms
782 timing metavuln:calculate:security-advisory:@vitest/mocker:4XUMUtU4wyKMhgaqDs2Hp0cJJM6636/8P9Eb9hVwRPEo6JnYPLOQSY36rgSGM13T+XP0kNzVapgKJfoQeKiZrQ== Completed in 1128ms
783 timing reifyNode:node_modules/@vue/language-core Completed in 20165ms
784 timing metavuln:cache:put:security-advisory:vite-plugin-dts:crpCJiy+/Ke3AyoY5s8WFR8naxiTTm/pFHzvZp24S/zl0kcEvXvlKsPy1jbuCcJAQu8l6AJWZrshG8imSOAR7g== Completed in 249ms
785 timing metavuln:calculate:security-advisory:vite-plugin-dts:4XUMUtU4wyKMhgaqDs2Hp0cJJM6636/8P9Eb9hVwRPEo6JnYPLOQSY36rgSGM13T+XP0kNzVapgKJfoQeKiZrQ== Completed in 1210ms
786 timing metavuln:cache:put:security-advisory:@vitejs/plugin-react:G9Ntk7g16IZmVy50oO9qCYc1k0QWLxVkSy6vYGOtOQpuB4/GSx4testIOKPubcmvgKxGd25LD6PgD6MfVRTVYg== Completed in 165ms
787 timing metavuln:calculate:security-advisory:@vitejs/plugin-react:4XUMUtU4wyKMhgaqDs2Hp0cJJM6636/8P9Eb9hVwRPEo6JnYPLOQSY36rgSGM13T+XP0kNzVapgKJfoQeKiZrQ== Completed in 1278ms
788 http fetch GET 200 https://registry.npmjs.org/vitest 1316ms (cache miss)
789 timing metavuln:packument:vitest Completed in 1377ms
790 timing metavuln:load:security-advisory:vitest:4XUMUtU4wyKMhgaqDs2Hp0cJJM6636/8P9Eb9hVwRPEo6JnYPLOQSY36rgSGM13T+XP0kNzVapgKJfoQeKiZrQ== Completed in 182ms
791 http fetch GET 200 https://registry.npmjs.org/vitest/-/vitest-4.1.2.tgz 20469ms (cache miss)
792 timing reifyNode:node_modules/vitest Completed in 20655ms
793 timing metavuln:cache:put:security-advisory:vitest:DfmsQJDzdWZxXMs3teZw3ulM4axVwHnwRp5vxl7vzOEztWJKg5tuEUTyepbLfp5E+/tI7mKceRHqZ++B0OKdOQ== Completed in 119ms
794 timing metavuln:calculate:security-advisory:vitest:4XUMUtU4wyKMhgaqDs2Hp0cJJM6636/8P9Eb9hVwRPEo6JnYPLOQSY36rgSGM13T+XP0kNzVapgKJfoQeKiZrQ== Completed in 1680ms
795 timing metavuln:cache:get:security-advisory:vite-plugin-dts:voLUTukeSO8Ayi2YJjd//A+twlhprOXqZeP4yR9njdAdZ7jWpLYU0GAs4WqWycgS0g+XfYy/pfXe+18gYF3MyA== Completed in 8ms
796 timing metavuln:load:security-advisory:vite-plugin-dts:TUvwypSiYh8C7kY5kKwwfEDmcGsgC+u0phb99okc8HR+vHGXpPdiJ3xAhd9x1YA28NsApZN5AgcS4fYOxUjDEw== Completed in 159ms
797 http fetch GET 200 https://registry.npmjs.org/diff/-/diff-8.0.4.tgz 20682ms (cache miss)
798 timing reifyNode:node_modules/diff Completed in 20961ms
799 timing metavuln:cache:put:security-advisory:vite-plugin-dts:voLUTukeSO8Ayi2YJjd//A+twlhprOXqZeP4yR9njdAdZ7jWpLYU0GAs4WqWycgS0g+XfYy/pfXe+18gYF3MyA== Completed in 127ms
800 timing metavuln:calculate:security-advisory:vite-plugin-dts:TUvwypSiYh8C7kY5kKwwfEDmcGsgC+u0phb99okc8HR+vHGXpPdiJ3xAhd9x1YA28NsApZN5AgcS4fYOxUjDEw== Completed in 294ms
801 timing auditReport:init Completed in 19175ms
802 timing reify:audit Completed in 21036ms
803 http fetch GET 200 https://registry.npmjs.org/aria-query/-/aria-query-5.3.0.tgz 20988ms (cache miss)
804 timing reifyNode:node_modules/aria-query Completed in 21281ms
805 http fetch GET 200 https://registry.npmjs.org/react-dom/-/react-dom-19.2.4.tgz 21129ms (cache miss)
806 timing reifyNode:node_modules/react-dom Completed in 21348ms
807 http fetch GET 200 https://registry.npmjs.org/lightningcss-win32-x64-msvc/-/lightningcss-win32-x64-msvc-1.32.0.tgz 21348ms (cache miss)
808 timing reifyNode:node_modules/lightningcss-win32-x64-msvc Completed in 21595ms
809 http fetch GET 200 https://registry.npmjs.org/@rushstack/ts-command-line/-/ts-command-line-5.3.4.tgz 21290ms (cache miss)
810 timing reifyNode:node_modules/@rushstack/ts-command-line Completed in 21612ms
811 http fetch GET 200 https://registry.npmjs.org/@rushstack/terminal/-/terminal-0.22.4.tgz 21528ms (cache miss)
812 timing reifyNode:node_modules/@rushstack/terminal Completed in 21853ms
813 http fetch GET 200 https://registry.npmjs.org/@babel/types/-/types-7.29.0.tgz 22228ms (cache miss)
814 timing reifyNode:node_modules/@babel/types Completed in 22573ms
815 http fetch GET 200 https://registry.npmjs.org/@babel/runtime/-/runtime-7.29.2.tgz 22573ms (cache miss)
816 timing reifyNode:node_modules/@babel/runtime Completed in 22908ms
817 http fetch GET 200 https://registry.npmjs.org/undici/-/undici-7.24.6.tgz 22902ms (cache miss)
818 timing reifyNode:node_modules/undici Completed in 23084ms
819 http fetch GET 200 https://registry.npmjs.org/@rushstack/node-core-library/-/node-core-library-5.21.0.tgz 23197ms (cache miss)
820 timing reifyNode:node_modules/@rushstack/node-core-library Completed in 23527ms
821 http fetch GET 200 https://registry.npmjs.org/css-tree/-/css-tree-3.2.1.tgz 23766ms (cache miss)
822 timing reifyNode:node_modules/css-tree Completed in 24066ms
823 http fetch GET 200 https://registry.npmjs.org/@microsoft/api-extractor-model/-/api-extractor-model-7.33.5.tgz 23852ms (cache miss)
824 timing reifyNode:node_modules/@microsoft/api-extractor-model Completed in 24188ms
825 http fetch GET 200 https://registry.npmjs.org/@microsoft/api-extractor/-/api-extractor-7.57.8.tgz 24412ms (cache miss)
826 timing reifyNode:node_modules/@microsoft/api-extractor Completed in 24748ms
827 http fetch GET 200 https://registry.npmjs.org/@rolldown/binding-win32-x64-msvc/-/binding-win32-x64-msvc-1.0.0-rc.12.tgz 24576ms (cache miss)
828 timing reifyNode:node_modules/@rolldown/binding-win32-x64-msvc Completed in 24899ms
829 http fetch GET 200 https://registry.npmjs.org/@microsoft/tsdoc/-/tsdoc-0.16.0.tgz 24679ms (cache miss)
830 timing reifyNode:node_modules/@microsoft/tsdoc Completed in 25006ms
831 http fetch GET 200 https://registry.npmjs.org/ajv/-/ajv-8.18.0.tgz 25177ms (cache miss)
832 timing reifyNode:node_modules/ajv Completed in 25481ms
833 http fetch GET 200 https://registry.npmjs.org/typescript/-/typescript-5.8.2.tgz 25159ms (cache miss)
834 timing reifyNode:node_modules/@microsoft/api-extractor/node_modules/typescript Completed in 25512ms
835 http fetch GET 200 https://registry.npmjs.org/typescript/-/typescript-6.0.2.tgz 25408ms (cache miss)
836 timing reifyNode:node_modules/typescript Completed in 25581ms
837 http fetch GET 200 https://registry.npmjs.org/jsdom/-/jsdom-29.0.1.tgz 26686ms (cache miss)
838 timing reifyNode:node_modules/jsdom Completed in 26940ms
839 http fetch GET 200 https://registry.npmjs.org/lodash/-/lodash-4.17.23.tgz 27327ms (cache miss)
840 timing reifyNode:node_modules/lodash Completed in 27574ms
841 timing reify:unpack Completed in 27580ms
842 timing reify:unretire Completed in 2ms
843 timing build:queue Completed in 37ms
844 timing build:link:node_modules/@babel/parser Completed in 98ms
845 timing build:link:node_modules/@microsoft/api-extractor Completed in 95ms
846 timing build:link:node_modules/@bramus/specificity Completed in 96ms
847 timing build:link:node_modules/@microsoft/api-extractor/node_modules/semver Completed in 90ms
848 timing build:link:node_modules/acorn Completed in 95ms
849 timing build:link:node_modules/he Completed in 95ms
850 timing build:link:node_modules/nanoid Completed in 93ms
851 timing build:link:node_modules/lz-string Completed in 94ms
852 timing build:link:node_modules/resolve Completed in 94ms
853 timing build:link:node_modules/rolldown Completed in 96ms
854 timing build:link:node_modules/tldts Completed in 95ms
855 timing build:link:node_modules/typescript Completed in 94ms
856 timing build:link:node_modules/vite Completed in 95ms
857 timing build:link:node_modules/vitest Completed in 94ms
858 timing build:link:node_modules/why-is-node-running Completed in 94ms
859 timing build:link:node_modules/@microsoft/api-extractor/node_modules/typescript Completed in 93ms
860 timing build:link:node_modules/@rushstack/node-core-library/node_modules/semver Completed in 93ms
861 timing build:link Completed in 105ms
862 timing build:deps Completed in 143ms
863 timing build:queue Completed in 1ms
864 timing build:links Completed in 1ms
865 timing build Completed in 146ms
866 timing reify:build Completed in 148ms
867 timing reify:trash Completed in 58ms
868 timing reify:save Completed in 277ms
869 timing reify Completed in 30824ms
870 silly ADD
871 silly ADD
872 silly ADD
873 silly ADD node_modules/reveal.js
874 silly ADD node_modules/xmlchars
875 silly ADD node_modules/xml-name-validator
876 silly ADD node_modules/why-is-node-running
877 silly ADD node_modules/whatwg-url
878 silly ADD node_modules/whatwg-mimetype
879 silly ADD node_modules/webidl-conversions
880 silly ADD node_modules/w3c-xmlserializer
881 silly ADD node_modules/vscode-uri
882 silly ADD node_modules/vitest
883 silly ADD node_modules/vite-plugin-dts
884 silly ADD node_modules/vite
885 silly ADD node_modules/universalify
886 silly ADD node_modules/undici
887 silly ADD node_modules/ufo
888 silly ADD node_modules/typescript
889 silly ADD
890 silly ADD node_modules/tr46
891 silly ADD node_modules/tough-cookie
892 silly ADD node_modules/tldts-core
893 silly ADD node_modules/tldts
894 silly ADD node_modules/tinyrainbow
895 silly ADD node_modules/tinyglobby
896 silly ADD node_modules/tinyexec
897 silly ADD node_modules/tinybench
898 silly ADD node_modules/symbol-tree
899 silly ADD node_modules/supports-preserve-symlinks-flag
900 silly ADD node_modules/supports-color
901 silly ADD node_modules/strip-json-comments
902 silly ADD node_modules/strip-indent
903 silly ADD node_modules/string-argv
904 silly ADD node_modules/std-env
905 silly ADD node_modules/stackback
906 silly ADD node_modules/sprintf-js
907 silly ADD node_modules/source-map-js
908 silly ADD node_modules/source-map
909 silly ADD node_modules/siginfo
910 silly ADD node_modules/scheduler
911 silly ADD node_modules/saxes
912 silly ADD node_modules/rolldown
913 silly ADD node_modules/rolldown/node_modules/@rolldown/pluginutils
914 silly ADD node_modules/resolve
915 silly ADD node_modules/require-from-string
916 silly ADD node_modules/redent
917 silly ADD node_modules/react-is
918 silly ADD node_modules/react-dom
919 silly ADD node_modules/react
920 silly ADD node_modules/quansync
921 silly ADD node_modules/punycode
922 silly ADD node_modules/pretty-format
923 silly ADD node_modules/postcss
924 silly ADD node_modules/pkg-types
925 silly ADD node_modules/picomatch
926 silly ADD node_modules/picocolors
927 silly ADD node_modules/pathe
928 silly ADD node_modules/path-parse
929 silly ADD node_modules/path-browserify
930 silly ADD node_modules/parse5
931 silly ADD node_modules/obug
932 silly ADD node_modules/nanoid
933 silly ADD node_modules/muggle-string
934 silly ADD node_modules/ms
935 silly ADD node_modules/mlly
936 silly ADD node_modules/mlly/node_modules/pkg-types
937 silly ADD node_modules/mlly/node_modules/confbox
938 silly ADD node_modules/minimatch
939 silly ADD node_modules/min-indent
940 silly ADD node_modules/mdn-data
941 silly ADD node_modules/magic-string
942 silly ADD node_modules/lz-string
943 silly ADD node_modules/lru-cache
944 silly ADD node_modules/lodash
945 silly ADD node_modules/local-pkg
946 silly ADD node_modules/lightningcss-win32-x64-msvc
947 silly ADD
948 silly ADD
949 silly ADD
950 silly ADD
951 silly ADD
952 silly ADD
953 silly ADD
954 silly ADD
955 silly ADD
956 silly ADD
957 silly ADD node_modules/lightningcss
958 silly ADD node_modules/kolorist
959 silly ADD node_modules/jsonfile
960 silly ADD node_modules/json-schema-traverse
961 silly ADD node_modules/jsdom
962 silly ADD node_modules/js-tokens
963 silly ADD node_modules/jju
964 silly ADD node_modules/is-potential-custom-element-name
965 silly ADD node_modules/is-core-module
966 silly ADD node_modules/indent-string
967 silly ADD node_modules/import-lazy
968 silly ADD node_modules/html-encoding-sniffer
969 silly ADD node_modules/he
970 silly ADD node_modules/hasown
971 silly ADD node_modules/has-flag
972 silly ADD node_modules/graceful-fs
973 silly ADD node_modules/function-bind
974 silly ADD
975 silly ADD node_modules/fs-extra
976 silly ADD node_modules/fdir
977 silly ADD node_modules/fast-uri
978 silly ADD node_modules/fast-deep-equal
979 silly ADD node_modules/exsolve
980 silly ADD node_modules/expect-type
981 silly ADD node_modules/estree-walker
982 silly ADD node_modules/es-module-lexer
983 silly ADD node_modules/entities
984 silly ADD node_modules/dom-accessibility-api
985 silly ADD node_modules/diff
986 silly ADD node_modules/detect-libc
987 silly ADD node_modules/dequal
988 silly ADD node_modules/decimal.js
989 silly ADD node_modules/debug
990 silly ADD node_modules/de-indent
991 silly ADD node_modules/data-urls
992 silly ADD node_modules/csstype
993 silly ADD node_modules/css.escape
994 silly ADD node_modules/css-tree
995 silly ADD node_modules/convert-source-map
996 silly ADD node_modules/confbox
997 silly ADD node_modules/compare-versions
998 silly ADD node_modules/chai
999 silly ADD node_modules/brace-expansion
1000 silly ADD node_modules/bidi-js
1001 silly ADD node_modules/balanced-match
1002 silly ADD node_modules/assertion-error
1003 silly ADD node_modules/aria-query
1004 silly ADD node_modules/argparse
1005 silly ADD node_modules/ansi-styles
1006 silly ADD node_modules/ansi-regex
1007 silly ADD node_modules/alien-signals
1008 silly ADD node_modules/ajv-formats
1009 silly ADD node_modules/ajv-draft-04
1010 silly ADD node_modules/ajv
1011 silly ADD node_modules/acorn
1012 silly ADD node_modules/@vue/shared
1013 silly ADD node_modules/@vue/language-core
1014 silly ADD node_modules/@vue/compiler-vue2
1015 silly ADD node_modules/@vue/compiler-dom
1016 silly ADD node_modules/@vue/compiler-core
1017 silly ADD node_modules/@vue/compiler-core/node_modules/entities
1018 silly ADD node_modules/@volar/typescript
1019 silly ADD node_modules/@volar/source-map
1020 silly ADD node_modules/@volar/language-core
1021 silly ADD node_modules/@vitest/utils
1022 silly ADD node_modules/@vitest/spy
1023 silly ADD node_modules/@vitest/snapshot
1024 silly ADD node_modules/@vitest/runner
1025 silly ADD node_modules/@vitest/pretty-format
1026 silly ADD node_modules/@vitest/mocker
1027 silly ADD node_modules/@vitest/mocker/node_modules/estree-walker
1028 silly ADD node_modules/@vitest/expect
1029 silly ADD node_modules/@vitejs/plugin-react
1030 silly ADD node_modules/@types/react-dom
1031 silly ADD node_modules/@types/react
1032 silly ADD node_modules/@types/estree
1033 silly ADD node_modules/@types/deep-eql
1034 silly ADD node_modules/@types/chai
1035 silly ADD node_modules/@types/aria-query
1036 silly ADD node_modules/@types/argparse
1037 silly ADD
1038 silly ADD node_modules/@testing-library/react
1039 silly ADD node_modules/@testing-library/jest-dom
1040 silly ADD node_modules/@testing-library/jest-dom/node_modules/dom-accessibility-api
1041 silly ADD node_modules/@testing-library/dom
1042 silly ADD node_modules/@standard-schema/spec
1043 silly ADD node_modules/@rushstack/ts-command-line
1044 silly ADD node_modules/@rushstack/terminal
1045 silly ADD node_modules/@rushstack/rig-package
1046 silly ADD node_modules/@rushstack/problem-matcher
1047 silly ADD node_modules/@rushstack/node-core-library
1048 silly ADD node_modules/@rushstack/node-core-library/node_modules/yallist
1049 silly ADD node_modules/@rushstack/node-core-library/node_modules/semver
1050 silly ADD node_modules/@rushstack/node-core-library/node_modules/lru-cache
1051 silly ADD node_modules/@rollup/pluginutils
1052 silly ADD node_modules/@rolldown/pluginutils
1053 silly ADD node_modules/@rolldown/binding-win32-x64-msvc
1054 silly ADD
1055 silly ADD
1056 silly ADD
1057 silly ADD
1058 silly ADD
1059 silly ADD
1060 silly ADD
1061 silly ADD
1062 silly ADD
1063 silly ADD
1064 silly ADD
1065 silly ADD
1066 silly ADD
1067 silly ADD
1068 silly ADD node_modules/@oxc-project/types
1069 silly ADD
1070 silly ADD node_modules/@microsoft/tsdoc-config
1071 silly ADD node_modules/@microsoft/tsdoc
1072 silly ADD node_modules/@microsoft/api-extractor-model
1073 silly ADD node_modules/@microsoft/api-extractor
1074 silly ADD node_modules/@microsoft/api-extractor/node_modules/yallist
1075 silly ADD node_modules/@microsoft/api-extractor/node_modules/typescript
1076 silly ADD node_modules/@microsoft/api-extractor/node_modules/semver
1077 silly ADD node_modules/@microsoft/api-extractor/node_modules/lru-cache
1078 silly ADD node_modules/@jridgewell/sourcemap-codec
1079 silly ADD node_modules/@exodus/bytes
1080 silly ADD node_modules/@csstools/css-tokenizer
1081 silly ADD node_modules/@csstools/css-syntax-patches-for-csstree
1082 silly ADD node_modules/@csstools/css-parser-algorithms
1083 silly ADD node_modules/@csstools/css-color-parser
1084 silly ADD node_modules/@csstools/css-calc
1085 silly ADD node_modules/@csstools/color-helpers
1086 silly ADD node_modules/@bramus/specificity
1087 silly ADD node_modules/@babel/types
1088 silly ADD node_modules/@babel/runtime
1089 silly ADD node_modules/@babel/parser
1090 silly ADD node_modules/@babel/helper-validator-identifier
1091 silly ADD node_modules/@babel/helper-string-parser
1092 silly ADD node_modules/@babel/code-frame
1093 silly ADD node_modules/@asamuzakjp/nwsapi
1094 silly ADD node_modules/@asamuzakjp/dom-selector
1095 silly ADD node_modules/@asamuzakjp/css-color
1096 silly ADD node_modules/@adobe/css-tools
1097 timing command:install Completed in 30920ms
1098 notice
1098 notice New major version of npm available! 10.2.3 -> 11.14.1
1098 notice Changelog: <https://github.com/npm/cli/releases/tag/v11.14.1>
1098 notice Run `npm install -g npm@11.14.1` to update!
1098 notice
1099 verbose exit 0
1100 timing npm Completed in 33493ms
1101 info ok
